order_id,product_id,quantity,price
1,16,1,119.35
2,9,3,190.02
3,11,3,165.89
3,32,2,153.53
4,35,2,166.3
4,34,1,45.19
4,19,3,98.32
5,14,3,16.63
5,36,1,182.14
5,9,2,92.01
5,28,2,156.0
6,27,1,13.8
6,9,1,121.07
6,32,1,102.74
6,20,2,175.1
7,5,3,35.81
7,1,2,157.47
7,24,2,138.4
7,4,1,160.04
8,7,2,122.81
8,50,3,59.31
8,14,2,57.85
9,42,1,142.39
9,12,1,97.47
9,4,2,77.07
10,29,2,173.94
10,16,3,103.86
10,18,2,111.96
10,16,1,135.64
11,15,3,146.57
11,5,2,184.12
11,36,2,39.5
11,16,3,78.12
12,32,3,159.58
12,46,2,144.95
12,12,1,164.89
12,41,3,122.31
13,28,3,181.76
13,26,1,149.82
14,47,3,101.46
14,14,2,116.5
15,6,1,171.32
16,41,2,163.14
17,39,1,132.31
17,37,3,183.05
18,43,2,108.2
18,19,2,49.87
18,2,1,104.3
18,28,2,157.93
19,2,2,90.35
19,34,2,79.44
19,5,3,137.94
19,26,3,162.74
20,48,3,50.94
20,12,2,198.2
20,27,2,148.63
21,13,2,118.92
21,26,1,17.9
21,36,1,80.87
21,12,1,186.69
22,38,3,170.54
22,16,2,15.78
22,23,1,34.25
22,8,3,99.59
23,34,2,33.28
23,17,3,182.46
24,32,1,175.28
24,40,1,126.68
24,27,3,120.0
24,34,3,140.51
25,31,1,29.58
25,18,3,191.01
25,23,3,159.52
25,25,1,25.72
26,45,2,188.33
26,29,1,64.98
26,15,1,35.61
26,34,2,93.63
27,30,2,110.75
27,26,2,41.58
27,20,3,150.94
28,23,1,160.43
29,45,2,118.43
29,6,2,114.5
29,38,1,145.95
30,2,1,67.71
30,50,3,117.89
30,2,3,21.48
31,7,2,102.22
32,22,3,127.05
33,4,3,69.28
33,39,1,175.38
33,48,3,71.71
34,47,2,25.13
34,35,2,190.1
35,29,2,33.68
35,17,2,180.53
35,50,1,85.52
36,39,3,151.11
36,50,1,183.74
36,27,3,187.34
36,46,1,188.47
37,44,1,178.35
37,4,1,186.28
37,34,3,128.67
38,38,1,29.15
38,30,2,43.64
38,8,3,182.77
38,8,3,149.86
39,16,1,63.03
39,12,3,48.43
39,32,1,105.88
40,2,1,187.87
40,26,3,179.79
40,33,2,174.69
41,17,1,52.73
41,26,3,155.18
42,46,1,10.18
42,28,3,197.19
42,16,1,97.44
43,37,2,74.79
44,48,2,110.09
44,17,1,59.05
45,50,3,38.15
45,13,2,176.7
45,20,2,180.97
45,19,1,163.4
46,6,2,74.03
46,39,2,94.01
47,47,1,182.68
47,16,1,76.12
47,24,3,155.72
48,14,2,146.07
48,18,3,30.49
49,40,3,40.67
49,44,1,195.93
49,33,3,121.93
49,17,1,55.83
50,18,3,127.34
51,23,1,50.14
52,22,3,59.63
52,41,3,70.73
52,33,2,59.95
52,19,2,143.84
53,14,2,42.62
53,18,2,184.03
53,21,3,198.17
54,39,2,146.52
54,47,1,37.64
54,2,2,12.96
54,41,3,48.15
55,41,3,97.46
55,36,1,32.65
55,20,2,117.76
55,24,3,16.05
56,8,3,174.88
56,13,1,23.52
57,50,3,172.4
57,4,1,178.85
57,15,1,63.24
57,24,1,58.95
58,16,3,181.27
58,35,1,127.06
59,19,2,183.94
59,49,3,75.47
59,8,2,97.75
59,9,1,100.37
60,15,3,22.32
60,50,3,91.21
61,38,2,139.07
61,39,2,83.7
61,7,2,131.61
61,4,3,171.34
62,31,1,35.88
62,18,1,67.23
62,36,2,178.84
62,48,1,186.56
63,21,3,48.28
64,50,3,123.61
64,40,3,71.08
64,5,1,147.35
65,39,3,15.41
65,21,3,171.73
65,47,3,118.37
65,13,2,158.97
66,37,1,144.02
66,15,3,63.76
67,29,1,174.91
68,29,2,144.29
69,50,1,88.99
69,20,1,72.81
69,27,3,100.01
70,45,3,75.94
70,1,1,62.17
71,42,1,106.15
71,43,3,60.67
71,31,1,40.41
71,37,3,196.99
72,2,2,71.26
72,24,1,160.67
72,34,1,12.24
72,30,2,45.01
73,43,1,139.49
73,7,1,145.56
73,11,2,26.8
74,37,1,20.26
74,12,2,164.5
74,27,2,158.03
74,5,1,185.22
75,27,1,167.73
75,1,2,91.78
76,15,3,185.85
76,20,1,30.71
77,8,1,41.17
78,30,2,37.3
78,11,3,11.37
78,13,3,138.67
78,2,1,195.87
79,17,2,57.69
79,15,3,165.92
79,3,2,199.6
79,2,1,147.6
80,44,3,182.57
80,26,2,63.44
81,48,1,83.98
82,43,2,115.39
82,33,3,90.32
82,49,2,191.57
82,49,2,47.95
83,26,2,164.37
83,15,1,65.12
83,13,2,141.86
84,44,3,184.24
84,14,2,158.3
84,23,2,86.46
85,30,1,36.99
85,36,1,92.58
86,14,2,11.53
86,31,2,110.96
86,1,3,64.09
86,14,1,92.75
87,5,2,134.02
87,40,2,39.77
87,7,2,123.89
88,39,3,174.86
88,33,2,82.25
88,28,2,74.27
89,21,3,181.85
89,41,3,98.31
89,3,3,103.77
89,14,2,107.48
90,12,2,159.83
90,10,2,173.8
91,15,3,166.79
92,21,1,174.98
93,5,3,112.92
93,18,1,113.62
93,34,2,73.28
93,24,1,194.16
94,49,2,85.13
95,23,2,17.97
95,40,3,174.35
96,20,1,55.09
96,4,1,142.58
96,26,3,89.47
97,6,3,62.2
97,35,2,72.2
97,41,2,169.69
98,43,3,29.68
98,5,3,25.76
98,25,2,99.67
98,34,2,79.01
99,39,2,96.63
99,39,1,141.81
99,38,3,172.07
99,34,2,146.06
100,25,2,100.44
100,25,2,148.49
100,23,3,168.64
101,10,2,65.05
102,13,2,80.36
102,41,1,109.56
103,37,2,13.89
104,39,2,142.25
104,47,1,29.62
104,19,2,92.85
104,47,2,163.13
105,26,1,72.08
105,19,3,192.13
105,19,1,141.99
106,43,1,19.4
107,8,2,164.77
107,13,2,36.82
107,49,1,145.08
108,15,2,110.44
108,45,2,66.63
108,49,3,22.53
109,23,3,161.3
110,21,1,177.53
110,16,3,61.97
110,25,2,41.76
110,45,1,158.25
111,1,1,127.85
112,6,1,144.13
112,40,3,138.99
112,38,3,34.05
112,30,2,174.3
113,12,3,179.5
113,21,2,152.2
114,40,3,85.65
114,29,2,91.29
115,41,3,192.32
116,37,2,166.81
116,48,1,155.78
116,1,2,87.8
117,21,3,103.97
117,19,1,82.58
117,46,3,119.39
118,27,3,23.88
118,27,2,173.08
118,28,3,194.55
119,40,3,46.17
119,31,2,109.02
119,41,1,109.72
119,15,1,186.42
120,32,2,75.25
120,38,2,77.31
120,21,2,95.36
120,28,2,172.67
121,20,3,87.87
121,7,1,11.87
122,45,1,71.13
122,17,1,180.17
122,47,3,101.56
122,4,3,122.8
123,9,2,13.4
123,22,2,125.82
124,36,1,50.02
124,9,2,73.75
125,15,2,89.3
125,31,2,14.59
126,48,3,111.95
126,19,3,186.79
127,43,1,186.52
128,18,1,104.54
128,14,3,30.86
128,24,3,85.41
128,17,2,109.79
129,12,2,120.03
129,47,3,51.78
129,5,2,79.17
129,28,1,94.35
130,31,1,155.28
130,43,1,89.71
130,1,1,189.57
131,22,2,140.63
131,12,3,97.17
131,5,3,187.97
131,10,3,180.0
132,37,3,187.57
132,15,2,62.18
132,26,2,99.4
132,10,1,177.59
133,48,1,90.31
133,7,2,56.61
134,22,3,97.74
135,27,1,23.97
136,43,3,93.05
136,20,3,190.64
136,6,1,12.83
137,39,2,185.68
138,22,2,96.62
138,49,1,161.75
138,42,2,191.47
138,14,3,176.92
139,12,3,148.21
139,25,2,14.25
139,3,1,60.1
139,48,2,121.95
140,46,2,148.29
140,16,2,115.45
140,27,1,188.63
141,25,2,56.09
141,14,2,190.53
142,47,3,56.04
142,14,2,53.91
142,20,2,60.89
142,24,2,41.45
143,40,1,43.64
143,4,3,79.19
143,5,2,153.75
144,50,1,172.75
144,13,3,37.57
144,17,1,84.85
145,20,1,53.51
145,8,1,134.73
145,6,3,43.19
146,22,2,125.18
147,29,1,152.97
147,26,1,63.83
148,21,1,45.35
148,21,1,195.6
148,45,1,161.1
149,17,1,32.34
149,6,2,52.71
149,32,1,104.19
150,37,3,48.43
151,48,2,136.91
151,16,1,94.08
152,31,2,105.46
152,3,1,144.29
153,22,2,130.19
154,20,3,146.06
155,29,3,92.32
155,5,3,137.62
156,1,2,87.61
156,39,2,142.85
157,26,1,169.08
157,48,3,189.05
158,34,3,65.34
158,44,2,112.48
158,5,3,153.93
159,35,2,58.38
159,11,3,39.62
159,8,2,103.87
160,4,2,165.16
160,26,2,106.37
161,45,1,30.23
162,14,3,33.11
162,3,1,58.53
162,46,2,18.32
163,14,2,133.67
163,8,2,86.32
163,32,2,109.31
164,30,2,172.51
165,7,2,138.26
165,47,2,145.27
165,41,2,128.91
166,5,1,115.79
166,49,2,35.54
166,15,3,125.16
166,34,1,32.04
167,17,2,26.3
167,18,3,48.96
167,32,2,170.74
167,50,2,148.12
168,17,3,63.37
168,10,1,67.78
168,19,1,113.31
169,14,1,81.16
169,29,3,83.59
170,20,3,141.96
170,19,1,165.65
170,45,2,141.23
170,24,1,67.52
171,18,3,191.61
171,19,3,121.86
172,4,2,67.0
172,41,3,88.76
172,37,1,53.7
173,13,2,163.31
173,25,3,58.24
173,44,2,21.44
174,50,2,98.37
174,2,2,138.92
174,31,1,88.75
174,50,3,185.41
175,38,3,175.86
176,20,3,66.38
177,32,1,46.49
177,21,2,47.64
177,42,1,128.24
177,46,1,69.1
178,11,1,190.34
178,11,2,76.81
179,15,3,199.94
179,28,2,156.59
180,20,1,176.24
181,1,3,40.9
181,42,2,167.9
181,2,2,85.01
181,5,2,77.24
182,30,2,183.44
182,38,3,147.12
183,17,2,88.2
183,17,2,95.14
184,36,2,118.17
184,6,2,122.52
185,12,1,86.04
185,31,3,18.17
185,25,1,162.26
185,27,1,43.24
186,41,3,78.29
187,15,1,58.86
187,6,3,111.28
187,28,1,122.34
188,31,3,190.24
188,43,3,176.61
188,3,2,77.83
189,29,2,192.45
189,15,3,176.25
189,29,2,15.9
189,23,2,19.6
190,49,3,97.46
190,2,1,98.53
190,33,2,144.3
190,44,3,46.28
191,45,2,148.38
191,22,1,189.59
191,22,2,58.38
192,44,3,194.0
192,42,3,33.24
192,41,2,97.62
192,44,1,83.42
193,32,1,14.39
193,29,1,174.51
193,48,3,123.14
194,36,1,188.06
194,5,2,146.35
195,7,1,61.67
195,22,3,16.35
195,50,2,19.33
196,38,2,111.15
197,21,3,193.07
197,34,2,161.07
197,34,3,62.03
197,30,1,165.64
198,35,1,93.95
198,9,1,146.5
198,36,1,181.94
198,34,3,95.57
199,49,1,150.92
199,12,1,99.41
199,15,3,111.96
199,24,2,166.99
200,4,2,23.67
200,24,2,77.07
201,6,3,29.77
201,3,3,111.14
201,10,2,134.6
202,10,1,15.78
202,5,1,42.76
202,24,1,110.47
202,32,1,93.47
203,21,3,79.97
203,21,3,13.45
203,6,1,85.84
203,14,2,88.0
204,11,3,190.31
204,6,2,82.64
205,2,2,181.0
206,32,2,159.36
206,6,3,32.12
206,30,2,13.84
206,32,1,99.16
207,22,3,172.31
207,21,3,79.89
207,50,3,168.09
207,15,1,189.18
208,50,1,192.23
209,48,3,71.7
209,44,3,154.74
209,40,2,111.45
209,17,1,22.33
210,15,1,146.42
210,12,2,116.72
210,42,1,124.04
211,16,1,43.19
211,14,3,47.89
212,39,2,82.69
212,24,3,27.23
212,30,2,63.85
212,9,2,125.45
213,48,1,128.29
213,28,2,118.12
213,11,1,102.73
213,47,2,53.16
214,5,2,154.66
215,46,1,183.94
215,27,1,32.78
216,16,2,36.89
216,20,2,135.61
216,23,1,57.26
216,17,1,91.21
217,31,3,22.47
217,50,2,155.32
218,28,3,90.48
218,45,3,11.97
219,47,2,66.69
219,1,3,168.59
219,45,3,15.91
220,31,3,113.32
221,35,2,53.88
221,5,1,42.49
221,19,3,53.35
221,38,3,192.92
222,46,2,123.18
222,11,3,196.79
222,17,3,72.42
223,21,1,79.54
223,8,1,16.47
224,49,3,126.34
224,30,3,122.82
224,44,3,71.53
224,37,2,177.49
225,47,1,27.09
225,44,3,31.61
225,27,1,92.89
226,15,3,155.45
226,50,2,38.0
226,46,2,130.41
227,26,2,189.98
227,18,2,93.67
227,22,3,121.66
227,21,2,115.23
228,18,3,58.27
228,41,1,35.05
228,41,2,50.67
229,14,2,147.66
229,14,1,191.31
229,8,3,99.95
229,23,3,66.49
230,42,3,189.52
230,18,3,124.4
230,15,3,77.67
230,17,2,173.51
231,37,1,189.59
231,34,3,94.09
231,3,1,169.02
232,38,3,59.77
232,48,1,185.5
233,17,2,97.99
234,18,3,151.17
234,16,2,171.65
235,22,3,78.99
235,1,3,189.8
235,30,1,43.69
235,37,1,45.2
236,15,3,134.19
236,23,3,158.59
236,39,3,70.81
236,42,2,13.32
237,22,3,56.38
237,47,2,89.74
237,48,1,76.4
238,8,2,119.77
238,10,2,92.5
239,12,1,46.24
239,35,1,144.52
239,18,2,90.83
239,17,2,124.96
240,1,1,18.44
240,36,2,198.08
240,2,3,126.64
241,31,1,126.3
241,22,3,58.24
242,26,3,61.15
242,45,1,194.4
242,8,2,168.61
243,36,3,122.15
243,5,3,120.41
243,7,1,85.74
244,26,2,23.82
244,41,1,89.02
245,27,3,120.3
245,35,2,65.26
245,3,3,154.88
245,33,2,94.79
246,2,1,79.36
246,33,1,138.01
247,29,1,95.31
247,20,1,196.09
247,18,1,165.32
247,15,3,186.78
248,37,3,32.25
248,5,2,192.36
248,17,2,115.3
248,3,1,89.32
249,3,3,173.74
249,29,2,128.16
249,39,1,85.91
249,40,2,29.13
250,28,2,99.26
250,13,3,37.09
250,39,1,84.57
250,28,2,186.97
251,23,1,140.41
252,6,3,21.13
252,3,1,166.33
252,13,2,44.71
252,45,1,147.96
253,13,1,124.65
253,28,3,115.95
254,31,3,138.36
254,27,2,118.98
254,20,1,147.35
255,23,1,88.98
256,43,2,76.05
256,30,1,103.04
256,18,2,97.13
256,21,1,199.53
257,15,3,113.27
257,32,2,177.84
257,33,2,74.52
257,39,3,17.99
258,2,2,78.68
258,29,2,129.26
259,7,1,144.77
259,49,2,140.31
259,45,3,23.2
260,18,2,73.97
261,15,1,48.01
261,10,2,181.23
261,34,1,84.66
262,42,2,113.89
262,24,3,168.22
263,7,2,23.88
263,12,1,67.3
263,25,1,189.56
263,6,2,191.1
264,39,1,164.33
264,14,3,109.67
264,37,2,74.15
264,20,3,73.75
265,19,1,175.26
266,6,3,60.05
266,3,1,104.14
267,47,1,163.59
267,31,3,147.6
267,19,3,16.99
268,35,2,132.96
268,50,2,139.17
269,35,2,57.64
269,7,3,145.87
270,50,3,56.4
270,14,3,173.98
270,27,1,192.68
271,8,3,65.92
271,4,3,107.85
272,30,3,58.95
273,16,3,168.93
274,34,3,81.73
274,27,1,76.77
274,22,3,16.34
275,35,2,172.55
276,37,2,194.27
276,35,2,159.3
277,30,3,184.38
277,31,3,114.84
277,25,3,124.35
277,46,1,97.09
278,32,1,75.15
278,16,2,63.5
279,11,2,70.73
279,12,1,128.49
279,45,2,86.12
279,32,2,105.88
280,43,2,61.22
280,47,3,76.96
280,36,1,13.14
281,10,3,120.28
281,15,2,154.8
281,50,1,190.55
282,27,1,164.63
282,44,3,199.74
283,41,2,158.53
283,26,2,119.11
283,17,3,24.64
284,49,1,37.45
284,1,1,182.04
285,34,2,42.74
285,17,3,111.48
286,2,2,54.99
287,30,1,190.04
288,38,2,153.65
289,39,2,134.16
290,37,1,156.71
291,20,1,18.54
291,29,3,32.32
292,43,3,27.08
292,44,3,104.15
292,22,2,75.66
293,30,2,82.6
293,4,2,23.26
293,33,2,47.39
294,17,2,116.6
294,11,1,61.06
294,2,2,108.54
295,4,2,153.12
296,3,2,13.57
296,27,3,116.75
296,1,2,34.69
296,39,3,68.29
297,18,1,163.0
298,18,1,168.34
299,27,3,122.42
300,19,1,17.28
300,21,2,179.58
301,48,3,31.72
301,4,1,91.57
301,1,1,85.87
302,16,2,73.2
303,6,2,106.76
303,45,3,31.24
303,45,3,57.25
304,25,3,58.83
304,27,3,191.61
304,43,1,161.71
305,46,2,52.03
305,8,3,68.14
306,48,1,173.01
307,23,2,68.0
307,49,1,27.99
307,44,1,150.48
307,48,2,131.9
308,49,1,137.34
309,7,3,99.35
309,44,3,22.91
309,2,2,199.47
310,17,2,62.79
311,24,1,199.01
311,29,3,40.47
312,36,3,30.01
312,23,3,153.72
312,44,3,107.95
312,40,1,52.1
313,48,1,185.2
313,38,3,92.91
313,23,3,165.4
313,37,3,74.55
314,46,3,176.72
314,23,2,159.52
314,42,2,184.71
315,30,2,175.44
315,5,1,170.29
315,13,1,28.56
316,32,1,178.48
316,15,1,196.59
317,20,3,164.67
317,30,1,194.97
317,31,3,177.34
317,15,2,32.8
318,14,3,160.52
318,25,1,167.31
318,2,2,101.1
318,33,3,25.44
319,29,2,143.28
319,26,3,100.09
319,40,1,55.8
320,1,1,91.07
320,17,2,172.7
320,41,1,99.55
321,9,3,192.11
321,20,1,116.47
322,27,1,76.51
322,35,1,104.85
323,21,1,22.74
324,43,3,33.11
324,24,3,195.23
324,13,1,89.32
324,39,3,153.7
325,22,3,91.68
325,30,2,186.05
325,21,3,48.6
325,48,2,183.84
326,27,1,199.58
326,12,3,170.03
326,38,3,70.44
326,4,2,66.24
327,49,2,13.99
327,8,3,55.36
328,25,1,164.96
328,24,3,93.6
328,27,1,160.52
329,45,3,179.18
329,26,2,62.77
330,33,1,173.31
330,20,3,42.94
330,13,2,114.34
331,22,2,139.94
332,16,2,141.93
332,34,3,170.81
332,5,2,191.26
333,31,2,18.64
333,5,1,36.07
333,33,3,114.14
333,24,3,90.21
334,49,1,152.84
334,49,2,70.95
334,25,3,40.05
334,44,2,95.03
335,20,1,163.43
336,8,3,111.11
336,8,2,84.43
336,28,3,62.38
336,5,1,157.2
337,39,1,140.11
337,15,2,17.18
337,48,3,10.88
337,39,2,188.33
338,28,2,179.54
339,5,1,157.0
339,3,1,34.2
339,42,2,109.91
340,13,3,186.25
340,15,2,171.05
340,9,1,128.62
341,23,3,182.89
341,2,2,72.51
341,18,3,163.25
341,44,3,106.93
342,2,3,95.1
342,3,2,105.46
343,24,1,192.04
343,37,3,19.28
344,44,3,152.96
344,23,2,47.39
344,32,1,97.04
345,43,2,148.02
345,32,3,85.24
345,48,3,163.61
346,47,2,109.4
347,10,1,106.85
347,46,3,86.83
348,26,3,117.24
348,26,2,160.67
348,2,3,132.89
348,49,2,138.1
349,18,2,131.02
349,6,2,22.97
349,22,3,56.72
350,35,3,176.31
351,50,1,137.51
351,42,1,128.86
351,50,2,163.44
351,28,3,23.24
352,10,1,114.36
353,38,2,156.78
354,35,2,173.84
354,5,1,74.58
355,36,2,135.29
356,18,2,196.1
357,2,3,140.52
357,34,2,66.45
357,21,2,45.33
357,20,2,147.32
358,30,3,180.16
358,50,1,75.63
358,8,3,90.67
359,11,2,166.46
359,33,3,73.5
360,35,2,120.06
360,19,1,49.31
361,34,2,61.78
361,10,2,31.58
362,38,3,53.65
362,28,2,162.86
362,34,3,29.17
363,10,2,157.16
363,21,1,96.1
364,49,1,149.98
365,49,1,185.42
365,47,3,162.62
366,9,3,108.69
366,47,2,169.32
366,10,2,86.58
366,7,3,56.84
367,36,1,81.61
367,5,1,62.58
368,38,3,177.09
368,48,1,136.23
369,44,3,84.47
370,1,3,62.81
370,22,3,124.73
370,37,1,166.39
371,29,3,126.67
372,41,3,182.16
372,6,1,20.13
372,13,2,183.51
372,37,3,101.11
373,26,3,69.94
374,45,1,135.14
375,40,1,12.39
376,9,2,179.85
377,49,3,60.31
377,3,3,196.81
377,9,2,94.15
378,47,2,29.3
378,38,2,42.1
379,18,1,102.2
379,3,1,102.24
380,49,1,171.54
380,41,1,195.67
380,36,1,50.3
380,29,3,194.04
381,46,2,110.62
381,2,2,187.83
382,14,1,35.35
382,29,3,107.04
382,1,3,127.18
382,40,3,136.89
383,1,3,81.2
384,32,1,123.2
384,30,2,116.61
385,44,1,196.53
385,15,2,92.99
385,29,1,17.48
386,47,2,133.19
386,22,2,41.85
387,21,3,144.36
388,6,2,150.75
388,24,1,137.61
388,23,3,51.04
389,36,2,197.29
389,44,2,158.23
389,30,2,82.14
390,43,2,87.96
391,32,2,49.87
392,26,3,103.3
392,18,3,28.18
392,24,1,189.4
392,48,2,75.46
393,38,3,197.94
393,27,1,90.35
393,5,1,13.26
394,42,3,76.73
394,30,2,140.0
395,5,3,85.89
395,10,1,182.33
395,18,1,193.56
396,2,2,121.6
397,8,2,119.88
397,23,2,134.38
397,29,3,29.68
397,47,2,27.37
398,7,3,30.06
399,39,2,160.71
399,31,1,135.35
399,5,3,74.83
400,50,1,39.62
401,37,1,19.84
401,50,3,182.61
401,19,2,113.94
401,34,3,104.37
402,19,2,156.99
402,41,2,157.22
403,20,3,24.79
404,15,2,167.81
404,41,1,63.5
404,40,3,19.53
404,35,1,117.91
405,16,1,152.68
405,35,2,110.19
405,16,3,69.46
405,42,1,105.14
406,2,1,13.0
406,1,1,139.72
407,49,1,150.2
407,41,3,82.55
407,12,3,150.05
408,14,2,112.26
409,35,3,88.13
410,50,3,23.62
410,42,1,140.24
411,5,3,177.22
411,36,2,194.69
411,18,1,29.21
412,34,1,158.39
412,29,1,187.78
412,24,1,60.37
413,33,2,97.17
413,33,3,60.8
414,24,3,19.32
414,20,1,116.83
414,47,3,101.84
415,40,2,67.74
415,37,2,34.58
415,4,3,39.2
415,31,1,11.16
416,47,1,142.04
417,20,2,160.3
417,38,2,117.83
418,32,3,38.44
418,33,3,148.68
419,3,1,42.72
419,5,3,198.12
420,35,2,92.1
420,26,2,76.25
421,36,3,144.05
421,29,3,72.76
421,19,2,76.4
422,15,2,61.7
423,15,2,83.72
423,18,2,22.31
423,16,3,50.19
424,2,3,169.6
424,5,2,162.84
424,20,2,73.82
425,20,2,66.83
425,25,1,166.05
426,44,3,163.28
426,39,1,134.43
426,16,3,52.72
427,38,1,25.22
427,42,3,198.02
427,39,3,92.2
428,16,2,175.76
429,4,1,20.36
429,47,2,133.15
429,5,3,183.95
430,31,3,10.23
430,47,2,45.91
430,4,1,134.12
430,10,3,69.55
431,36,1,46.74
432,45,3,19.4
432,45,3,136.44
432,32,2,58.78
432,37,1,125.06
433,13,3,173.61
434,9,1,64.99
434,20,3,67.47
434,42,3,120.43
434,11,3,121.34
435,38,1,88.12
435,1,3,159.01
436,30,2,64.18
436,49,3,34.86
437,49,3,105.71
437,29,1,80.17
438,27,3,28.2
439,37,1,82.45
439,32,2,51.13
439,32,1,49.62
440,3,1,146.2
440,8,3,131.35
440,26,2,24.31
440,7,2,93.3
441,33,3,100.42
441,38,2,83.27
441,17,1,180.15
442,22,3,61.3
442,24,2,59.6
443,10,1,133.36
444,1,1,39.58
444,9,2,173.33
445,35,2,28.35
445,9,2,183.79
445,9,1,150.26
445,8,2,15.48
446,20,3,146.57
447,10,3,170.11
447,24,3,145.79
448,42,2,138.89
449,32,1,19.89
449,13,3,139.97
449,50,2,56.49
449,40,2,84.97
450,33,3,171.48
451,25,1,106.0
451,47,2,60.58
451,46,3,137.09
451,32,3,94.71
452,6,1,173.84
452,29,2,101.93
452,31,1,124.56
452,38,1,19.82
453,2,3,65.93
453,46,1,41.74
454,35,3,85.52
454,45,2,109.04
455,22,3,42.86
455,46,3,91.17
455,22,2,107.84
455,9,2,32.5
456,45,2,63.99
456,19,1,30.65
456,42,1,147.11
457,35,2,151.13
457,3,3,96.83
458,6,3,41.85
458,10,3,114.58
459,17,3,23.74
459,49,3,25.84
460,25,1,26.09
460,4,1,142.66
460,3,1,164.18
460,50,1,118.24
461,24,3,84.35
461,23,3,42.8
462,2,3,54.28
462,21,3,25.86
462,27,3,120.72
463,33,2,79.74
464,42,2,27.35
464,46,3,43.37
465,15,3,164.25
466,35,3,148.1
467,17,1,80.93
467,29,2,71.82
467,29,3,66.74
467,5,1,92.34
468,24,3,129.25
468,1,3,66.82
468,34,3,146.36
468,3,1,165.91
469,43,1,89.68
469,42,1,126.68
470,21,2,32.93
470,21,3,57.57
470,21,1,161.81
471,14,3,96.43
471,34,2,195.62
471,6,1,124.13
472,33,1,190.96
472,1,1,101.4
472,7,3,56.4
473,40,1,142.29
474,23,3,55.04
475,27,2,152.57
475,45,2,29.11
476,17,1,10.48
476,36,3,160.53
476,15,1,48.06
476,10,2,126.66
477,17,2,126.13
477,41,3,47.18
477,22,2,160.7
477,4,3,29.08
478,45,3,80.93
478,31,3,50.51
478,14,2,192.35
478,10,1,118.61
479,4,3,159.4
480,49,1,189.2
480,31,2,112.15
480,30,1,162.46
480,7,1,110.23
481,6,3,117.47
481,7,3,32.28
481,17,3,171.7
482,26,3,36.54
483,8,1,148.68
483,21,3,167.44
483,27,2,21.74
483,33,1,24.32
484,43,3,115.18
484,20,1,113.84
484,50,2,174.66
484,15,1,31.65
485,10,1,69.06
485,24,2,158.89
486,49,2,88.18
486,28,2,102.53
486,50,2,175.66
487,15,2,74.32
487,15,3,173.53
487,10,1,174.13
488,25,2,164.49
489,8,2,71.91
489,48,1,199.27
489,10,1,171.41
489,35,3,83.64
490,43,2,188.97
490,29,3,132.66
490,5,2,184.44
491,23,2,93.7
491,20,3,130.08
492,17,1,177.48
492,31,2,24.04
492,28,2,79.67
492,5,2,22.34
493,38,1,137.95
493,25,2,49.25
493,44,1,167.6
493,34,1,178.05
494,13,2,171.39
494,21,1,89.94
494,26,3,194.92
495,23,2,199.66
495,48,1,15.25
496,37,2,133.03
496,2,3,121.98
496,3,2,128.62
496,47,1,105.62
497,29,2,34.53
497,21,1,146.81
498,1,1,16.68
498,3,1,148.29
499,19,3,27.72
499,40,2,75.35
500,23,2,11.16
500,15,3,182.65
501,14,3,184.91
501,1,2,39.51
501,42,1,101.63
502,39,2,160.04
503,10,2,54.96
503,22,3,193.47
503,42,1,117.45
503,3,2,44.4
504,41,1,155.07
505,48,2,88.71
505,37,2,164.22
505,18,3,116.39
506,18,3,10.67
506,44,2,48.16
506,34,3,58.4
506,10,1,78.41
507,39,1,71.42
507,7,1,153.03
508,18,3,167.26
509,11,1,191.18
509,8,1,183.24
509,1,3,168.54
510,42,2,38.6
510,40,3,72.56
511,26,3,121.48
511,47,3,56.76
512,41,2,161.34
513,13,1,78.71
513,18,3,125.9
513,43,3,183.79
514,21,1,110.62
515,24,2,113.4
516,31,3,165.22
516,42,3,169.48
516,7,2,42.24
516,28,2,143.35
517,14,3,28.81
517,6,1,62.13
517,14,2,195.37
517,27,3,182.28
518,2,1,50.76
518,48,1,97.72
518,4,2,67.27
518,15,1,145.39
519,1,3,13.46
519,7,1,42.99
520,14,1,75.46
521,24,1,120.54
521,13,1,47.32
522,40,3,49.14
522,7,2,141.54
523,9,3,29.94
523,39,2,174.69
523,24,3,185.73
524,26,2,15.16
525,31,1,199.06
526,23,1,163.64
526,43,1,97.64
527,1,2,82.59
528,27,3,112.45
528,34,2,126.04
529,48,1,185.67
529,35,1,92.45
529,38,2,29.41
530,42,2,33.65
530,15,1,112.15
530,40,3,49.06
531,45,3,85.18
532,2,2,141.63
532,30,3,92.5
532,24,1,51.68
533,5,3,89.65
533,13,1,99.4
533,38,2,18.73
533,49,2,186.58
534,29,2,54.77
535,28,2,197.43
535,14,3,68.09
535,38,3,118.08
536,1,1,70.14
536,15,2,39.09
537,37,1,10.91
537,49,2,68.22
537,7,2,54.02
538,30,3,38.18
538,13,2,51.16
538,9,1,130.0
539,6,2,97.88
539,41,3,188.72
540,17,1,196.56
540,10,2,180.47
540,28,3,62.75
541,3,2,30.79
541,23,2,124.61
541,42,2,148.03
541,27,2,92.27
542,49,1,141.79
542,50,3,188.2
542,19,2,38.17
542,17,2,147.89
543,39,2,130.21
543,16,1,61.8
543,7,3,74.34
544,18,2,180.34
544,15,3,75.9
544,31,1,151.89
545,8,2,146.21
545,31,2,192.15
545,19,3,150.34
546,46,2,92.15
546,18,1,36.15
546,26,3,70.24
546,10,2,141.27
547,29,2,156.59
548,26,1,160.13
549,14,1,86.86
550,1,2,94.48
550,40,3,114.36
550,26,2,71.53
551,8,1,82.09
552,16,2,27.64
552,25,2,111.92
552,48,3,59.85
552,4,2,186.18
553,36,1,68.09
553,21,1,130.91
553,26,3,47.55
554,45,2,117.61
554,42,1,138.01
554,26,1,76.03
555,35,2,103.73
555,41,3,71.98
556,8,3,139.11
556,19,2,173.98
557,29,2,188.39
558,29,1,84.62
558,5,2,168.24
558,38,1,163.88
558,44,2,166.57
559,19,2,47.54
560,36,2,136.72
560,2,1,187.47
560,17,3,34.99
560,20,1,199.5
561,11,2,58.91
561,37,1,77.67
561,2,1,133.9
561,48,2,10.5
562,45,3,172.02
562,36,2,13.34
562,18,1,97.0
562,15,1,180.87
563,6,1,188.69
563,49,2,40.54
564,10,2,103.88
564,17,3,175.77
565,48,2,129.11
565,2,2,79.54
565,7,2,115.2
565,12,1,147.56
566,10,1,101.4
567,41,2,88.03
567,31,3,125.85
567,36,3,97.27
568,34,3,155.86
568,38,3,169.67
568,21,2,50.85
568,5,1,36.75
569,37,2,147.99
569,5,2,100.6
570,47,1,51.82
571,4,3,175.25
571,10,1,37.13
572,15,2,72.43
572,22,1,181.54
573,21,1,84.35
573,33,1,73.66
573,50,2,172.53
573,9,1,81.85
574,5,3,81.64
574,32,3,83.64
575,15,2,161.95
575,44,3,123.27
576,43,1,89.93
576,39,2,13.65
576,32,1,63.27
577,35,1,22.29
577,47,2,71.16
577,24,1,49.59
578,16,1,67.07
578,46,3,123.23
578,25,3,83.53
578,1,1,46.16
579,36,2,91.5
579,3,2,141.99
579,48,3,127.18
579,14,3,158.38
580,30,3,63.09
580,19,2,104.53
580,9,3,94.39
580,50,3,140.83
581,9,1,86.82
581,6,2,164.82
581,15,3,52.94
582,41,3,20.64
582,2,2,186.7
582,34,2,161.31
583,39,2,104.04
583,19,3,152.04
584,23,2,106.68
585,34,3,193.59
585,28,3,189.78
585,10,2,189.06
586,9,3,173.66
587,36,3,21.33
587,19,2,183.9
588,25,3,67.52
588,39,2,57.83
588,18,3,161.99
588,22,3,67.79
589,6,2,20.22
590,1,1,51.65
590,43,1,34.94
590,1,3,180.98
591,37,1,143.79
591,33,3,180.4
592,37,1,127.63
592,28,2,22.14
592,21,2,124.2
593,44,3,164.67
593,17,2,53.76
594,20,2,171.59
594,16,3,126.33
594,11,3,134.56
594,12,3,28.94
595,38,1,35.31
595,34,2,194.65
596,1,2,182.06
596,48,3,15.43
597,44,3,90.18
597,30,3,177.05
598,20,2,139.85
599,4,1,19.92
599,29,2,118.32
599,8,1,182.69
600,33,3,178.16
600,21,3,56.9
600,35,1,178.29
601,45,3,71.95
601,21,1,151.88
601,20,1,81.19
601,39,1,36.77
602,36,2,176.0
602,7,2,104.48
603,40,3,89.39
603,9,3,14.17
603,31,3,135.67
603,20,1,152.85
604,43,2,52.16
604,11,1,29.84
605,48,3,115.92
605,34,2,146.65
606,19,2,138.19
606,24,1,10.27
606,45,1,113.88
606,29,1,82.52
607,27,3,156.83
607,49,2,125.69
607,14,2,99.53
608,44,2,58.34
608,9,1,151.48
608,14,3,14.93
609,14,1,161.66
609,22,2,34.42
609,28,1,20.63
610,26,2,188.83
610,34,3,111.51
610,13,1,64.14
611,24,1,98.67
611,8,2,173.99
612,28,1,154.97
613,14,2,99.8
613,31,2,163.74
614,31,1,34.54
615,43,1,174.38
615,11,3,120.45
615,40,3,60.55
615,15,3,196.05
616,40,2,88.47
616,46,3,159.21
616,45,1,45.97
617,8,3,159.54
617,18,3,26.09
618,49,1,52.12
618,36,1,191.29
619,37,2,45.75
619,14,1,74.64
619,46,3,57.54
620,46,2,45.33
621,11,3,89.01
621,24,2,134.79
621,23,1,114.41
621,13,1,188.29
622,42,2,198.63
622,13,3,24.97
622,48,2,57.29
623,43,2,37.71
624,1,3,44.95
624,39,3,12.59
625,41,2,195.77
625,42,2,173.57
625,40,2,154.17
626,45,1,110.92
626,50,2,58.78
626,1,3,60.01
627,17,3,49.41
628,35,2,12.6
628,18,2,156.02
628,39,1,165.67
629,37,3,150.91
630,49,2,169.08
630,25,1,154.81
630,48,3,171.91
631,14,2,163.62
631,35,1,12.21
632,15,2,83.91
632,31,2,67.38
633,43,2,33.42
633,8,3,98.26
633,19,2,171.45
633,31,2,165.32
634,10,3,134.01
634,47,2,83.7
634,36,1,189.16
634,21,3,55.89
635,46,3,16.6
635,36,2,165.2
635,23,1,198.65
635,49,1,128.67
636,27,1,153.33
636,24,1,15.34
636,12,3,196.27
636,50,3,90.99
637,5,2,33.75
637,48,3,37.81
637,7,1,120.85
637,10,1,28.29
638,41,1,50.01
638,40,3,106.81
638,36,3,164.72
639,29,2,178.11
640,40,1,105.08
640,12,3,71.26
640,40,3,108.39
641,38,3,86.41
641,1,3,75.73
642,40,2,88.46
642,44,2,134.37
642,8,1,145.18
642,48,1,12.55
643,20,2,93.62
643,29,1,139.84
644,16,2,154.53
645,23,3,33.32
645,18,3,40.41
645,29,3,108.99
646,29,1,107.99
646,40,3,185.15
646,19,2,53.86
646,27,2,47.64
647,49,3,109.69
647,38,1,149.93
647,21,1,94.9
647,48,2,19.08
648,15,2,128.95
649,32,1,17.4
649,37,3,122.38
650,23,1,23.34
650,38,1,127.1
651,40,3,127.74
651,36,1,173.71
651,37,3,190.27
652,13,2,55.36
653,13,3,91.21
653,7,1,171.63
654,27,1,159.55
654,29,1,184.26
654,19,1,73.74
655,42,3,78.58
656,25,2,16.65
656,12,1,52.33
656,15,3,140.26
656,5,1,15.13
657,22,2,151.39
657,18,1,133.61
657,42,2,125.59
658,43,2,48.04
659,24,1,59.12
659,32,3,192.39
660,7,3,169.91
661,14,1,29.53
661,3,1,122.72
661,15,1,173.78
661,4,1,115.1
662,10,2,105.54
663,27,2,102.52
663,33,2,13.97
663,23,3,147.68
664,35,2,167.91
664,47,2,58.32
664,38,1,60.44
664,9,3,189.41
665,31,2,38.36
665,46,2,62.43
665,19,3,112.62
666,42,3,41.16
666,30,3,125.07
667,3,1,164.81
667,42,2,56.51
668,1,2,122.85
668,5,3,40.24
668,34,1,95.36
668,42,1,114.86
669,9,2,29.01
669,4,1,30.98
670,23,1,13.67
671,37,1,114.25
671,7,3,13.86
671,46,3,98.4
671,25,1,37.87
672,50,1,95.41
672,7,1,177.26
672,24,3,71.66
673,1,2,110.29
673,44,3,76.01
673,21,2,163.04
673,9,3,82.78
674,20,2,45.56
674,24,3,194.33
675,42,2,152.08
675,4,1,13.78
676,5,1,89.83
677,40,2,146.64
677,12,1,195.18
677,1,1,180.06
677,14,1,149.67
678,12,2,158.77
678,6,3,116.93
678,3,2,165.23
678,14,1,167.59
679,21,2,188.26
679,22,3,152.45
679,10,1,98.79
679,38,2,36.81
680,48,3,132.74
680,47,3,196.09
680,39,2,97.18
681,37,1,63.2
681,17,2,88.82
681,14,1,98.76
682,45,2,80.29
682,30,2,140.5
683,35,2,149.06
683,6,2,52.64
683,41,3,108.96
683,16,3,21.42
684,26,1,186.04
684,19,1,57.04
684,9,3,153.75
685,9,3,168.15
685,34,2,136.5
685,49,3,138.02
686,34,3,23.22
687,2,3,189.53
688,10,1,42.38
689,12,3,137.86
690,9,2,176.5
690,13,1,121.41
690,7,1,199.16
691,43,2,79.37
691,10,2,152.95
691,36,3,54.28
691,36,1,174.81
692,39,1,104.26
692,36,3,144.59
692,43,3,132.52
692,36,2,54.39
693,45,3,37.92
694,22,3,55.02
694,14,2,97.02
694,46,3,185.94
694,18,3,18.79
695,44,3,83.87
696,38,2,117.38
696,20,1,172.97
696,17,1,197.42
697,35,2,109.14
698,19,3,141.06
699,41,2,28.56
700,21,1,122.89
700,37,2,76.47
700,9,3,120.72
701,10,3,106.86
701,45,3,163.18
701,15,2,92.34
701,35,3,93.72
702,19,2,90.82
703,44,2,179.2
704,25,1,167.16
704,47,2,190.46
705,45,1,92.01
705,23,3,112.75
706,48,3,49.79
707,7,3,78.14
707,17,2,105.03
707,22,1,42.65
708,1,1,141.51
708,14,3,112.28
708,43,2,118.1
709,39,1,36.5
709,24,2,150.19
709,15,1,195.82
709,9,3,155.93
710,47,3,81.09
710,1,2,23.85
711,10,1,10.85
711,49,2,143.92
711,27,3,133.46
711,22,2,44.45
712,13,1,179.64
712,43,2,48.84
712,33,3,53.05
713,9,2,93.23
714,23,3,141.17
714,19,2,16.99
714,13,1,163.82
714,34,1,120.65
715,30,2,33.42
715,13,2,122.72
715,27,2,35.13
716,1,3,163.8
716,14,3,97.07
716,38,2,180.7
717,20,3,37.2
717,19,1,138.66
717,10,2,90.47
717,47,1,79.14
718,18,3,160.57
718,32,3,20.57
718,1,3,196.82
719,12,1,14.19
719,19,3,167.15
719,49,2,24.37
719,32,3,156.22
720,32,2,188.27
720,43,1,109.4
720,30,2,166.76
720,2,3,137.87
721,37,1,45.41
721,19,3,114.74
721,5,3,74.66
721,48,1,185.73
722,49,2,79.54
723,40,3,163.68
723,48,3,12.0
724,25,1,110.07
724,24,1,196.87
724,39,1,17.25
724,1,2,21.98
725,44,2,59.8
725,43,2,33.19
726,28,2,93.18
726,12,1,126.0
726,23,1,126.48
727,48,1,25.73
727,37,2,130.07
727,7,1,35.36
728,13,2,28.9
728,21,3,156.18
728,28,1,17.63
729,24,1,103.51
729,2,2,96.47
729,39,3,129.41
729,41,2,42.47
730,31,3,134.49
730,25,2,178.4
730,36,3,168.91
731,37,3,179.87
731,40,3,41.96
732,32,1,42.2
732,6,3,194.55
732,31,1,88.08
733,9,2,18.13
734,22,2,21.69
734,30,1,198.67
734,16,1,171.86
735,47,1,121.17
736,14,1,137.43
736,24,2,113.35
737,3,2,24.73
737,2,3,36.49
737,32,1,25.3
737,34,2,19.16
738,35,1,86.99
738,37,1,168.69
738,46,1,72.38
739,48,2,51.62
739,19,3,145.98
740,25,2,190.1
741,48,3,72.83
741,21,3,20.46
741,31,1,141.01
741,1,2,192.17
742,19,1,129.82
742,41,1,153.86
742,41,2,53.92
742,2,2,51.96
743,3,1,188.28
743,21,2,148.21
743,11,2,99.13
744,3,1,98.46
745,11,1,109.5
745,7,1,21.4
745,33,3,38.72
746,9,1,132.58
746,30,1,184.72
747,7,2,99.86
747,6,2,77.19
747,37,2,153.36
748,24,3,68.47
748,1,2,154.55
748,12,2,118.44
748,44,2,114.8
749,6,1,97.1
749,42,3,98.97
749,41,2,45.54
750,12,3,178.96
750,40,1,88.19
751,16,1,171.95
751,28,2,37.24
752,32,1,36.73
752,18,2,101.57
752,14,3,131.65
753,22,1,18.66
754,42,1,122.29
754,50,1,149.43
755,40,2,176.45
756,35,3,168.66
756,50,3,197.95
756,29,2,29.46
757,20,1,26.91
758,17,3,90.57
758,48,3,129.9
758,7,2,169.85
759,12,1,13.91
759,12,1,157.75
760,29,3,75.82
760,31,1,178.86
761,2,1,20.75
762,40,1,32.77
763,38,3,46.24
763,13,1,124.5
763,13,3,174.1
763,46,3,56.58
764,24,1,156.0
765,48,2,159.53
765,8,1,177.44
766,13,2,113.79
766,32,3,31.92
767,44,1,168.86
767,16,3,140.06
767,44,3,197.01
767,26,1,159.91
768,20,1,103.11
768,42,2,42.35
768,33,2,173.07
768,2,2,176.38
769,4,1,160.43
769,42,2,16.97
769,47,2,158.15
769,1,3,86.85
770,42,1,68.42
770,10,2,187.22
770,23,3,19.24
771,27,2,192.0
771,46,3,84.51
771,12,3,163.31
771,5,2,35.04
772,7,2,185.15
772,8,2,118.85
772,14,1,119.0
773,1,1,83.78
774,49,3,61.09
774,3,2,87.64
774,45,3,111.24
774,10,2,197.74
775,48,1,179.96
776,24,3,85.68
776,29,2,80.7
777,37,1,142.73
778,42,3,186.84
779,50,1,30.26
779,29,1,138.58
780,7,2,162.04
780,32,3,45.75
780,38,2,91.85
781,45,1,185.8
782,44,3,92.41
782,19,3,170.0
782,40,3,87.87
782,17,3,93.57
783,16,2,147.51
783,23,1,118.42
784,27,2,185.98
785,35,1,114.93
785,31,1,102.06
785,39,1,175.01
786,7,2,195.83
786,28,2,13.21
787,4,1,180.21
787,37,1,83.1
787,8,3,83.25
788,22,1,112.25
788,43,1,68.69
788,9,1,145.75
788,23,2,50.03
789,21,3,195.11
789,16,3,182.84
789,31,1,45.95
789,1,3,36.72
790,24,1,17.2
790,7,1,34.9
791,16,2,102.3
791,19,3,55.44
792,13,3,182.1
792,40,2,13.22
792,28,1,10.25
792,16,1,62.94
793,20,2,106.46
793,26,2,129.74
793,5,1,95.88
793,2,1,163.98
794,36,1,144.86
794,30,3,186.83
794,3,3,117.24
795,15,1,132.99
795,7,1,161.65
795,45,1,50.94
796,47,3,145.76
796,50,1,47.27
796,22,3,173.75
797,37,2,89.29
798,31,1,64.07
798,22,1,33.41
798,29,2,149.07
798,44,2,150.8
799,19,3,89.78
799,8,1,88.96
800,28,3,177.91
801,19,1,14.31
801,10,2,149.18
801,33,1,48.05
801,4,1,188.87
802,15,2,93.1
802,32,3,48.68
803,9,2,98.9
803,44,1,180.19
803,30,2,85.26
803,13,1,184.66
804,29,2,24.61
804,43,3,145.94
804,34,2,95.98
804,4,2,16.2
805,46,2,113.34
805,7,2,124.95
805,34,3,56.78
805,17,1,106.74
806,24,2,182.39
806,37,3,111.67
806,14,1,13.48
806,10,2,53.55
807,16,3,34.14
807,25,2,116.64
807,2,2,23.61
807,30,2,156.94
808,19,3,52.25
809,1,3,147.72
809,20,1,19.35
809,5,2,89.56
809,44,2,38.5
810,21,3,90.18
810,6,3,178.92
810,19,2,125.58
811,50,3,188.38
811,40,1,40.09
812,23,3,73.12
812,43,2,124.54
813,39,3,153.57
814,26,2,131.22
814,44,1,78.58
814,25,3,73.14
814,22,1,111.35
815,11,1,169.92
815,9,3,156.11
816,8,1,120.84
816,3,3,47.64
816,1,2,199.46
817,35,2,19.74
817,34,3,104.94
818,16,1,184.95
819,43,3,51.67
819,3,3,117.43
820,1,1,156.23
821,19,3,60.41
821,15,1,145.03
821,49,3,130.67
822,41,2,61.75
823,31,1,185.68
824,6,1,67.8
824,30,2,79.6
825,5,1,138.7
826,4,2,125.73
826,38,1,99.65
826,33,1,88.82
827,11,3,40.13
827,3,2,140.96
828,39,2,94.63
829,43,3,96.23
829,36,3,112.52
829,46,3,99.64
829,50,3,95.72
830,2,1,12.44
830,38,3,79.1
830,5,1,46.67
831,32,1,142.21
831,9,1,79.39
831,7,3,24.69
831,44,2,187.04
832,39,2,75.07
832,16,1,84.66
833,25,2,174.82
833,20,2,56.54
833,18,2,94.97
834,40,2,52.94
834,35,2,96.83
834,21,1,36.01
835,32,1,137.2
835,22,3,198.75
835,45,1,40.99
836,13,2,177.73
836,2,3,120.77
836,6,3,155.43
837,17,3,99.1
837,34,2,185.1
838,29,1,179.93
838,9,2,43.5
839,38,3,107.57
839,46,2,46.35
840,34,2,98.98
841,33,3,104.64
841,46,2,193.61
841,42,3,30.96
842,47,3,61.18
843,2,2,31.75
843,47,1,185.28
843,48,3,140.8
844,5,2,21.33
845,31,1,143.91
845,15,2,191.33
846,12,1,139.31
846,1,1,124.09
847,45,3,69.89
848,13,2,33.89
848,35,1,152.69
849,4,3,120.57
849,38,3,42.16
849,36,3,67.98
850,16,3,65.01
850,47,3,25.04
850,24,1,43.41
851,7,2,12.01
851,2,3,39.59
851,18,3,146.57
852,21,2,116.49
852,11,2,166.42
852,25,3,165.44
853,45,3,113.16
853,4,2,92.47
853,31,1,102.76
853,13,1,161.16
854,3,1,26.82
855,11,3,176.88
856,14,2,28.55
856,36,2,87.24
857,44,2,87.12
858,7,2,11.13
859,20,2,76.28
859,29,3,90.38
859,43,3,184.3
859,40,2,192.73
860,41,2,93.35
861,45,3,113.27
862,33,3,145.4
862,39,3,22.5
862,26,1,78.87
863,16,3,108.23
863,23,1,153.99
863,46,2,137.44
863,15,3,187.79
864,3,3,104.81
864,20,1,98.54
865,25,1,44.69
865,22,3,54.43
865,19,2,10.11
866,22,3,184.17
866,34,1,158.35
866,17,2,133.61
867,9,2,66.08
867,34,3,81.3
867,43,3,112.53
868,1,1,179.23
868,23,1,199.6
869,21,2,84.58
870,10,3,55.91
871,29,2,193.01
871,47,3,168.05
871,16,1,196.88
871,5,1,40.47
872,29,2,92.52
872,18,2,73.83
872,33,3,40.83
872,43,2,42.54
873,4,3,15.62
874,24,3,121.36
874,7,1,151.77
875,36,3,178.13
876,6,3,113.83
877,41,2,102.75
877,34,1,188.08
877,33,3,142.85
877,2,2,155.45
878,25,3,77.51
878,40,2,84.8
878,23,3,36.96
878,47,3,41.74
879,19,2,95.63
879,42,2,137.24
880,44,2,155.39
880,33,3,128.8
881,46,3,178.56
882,36,1,118.67
882,1,3,12.02
882,34,3,95.74
882,46,3,86.31
883,35,2,160.22
884,15,1,17.7
884,33,2,90.45
885,3,3,178.89
885,28,1,145.5
886,11,2,134.56
887,12,2,98.65
887,37,1,38.42
887,29,1,37.44
888,47,1,54.27
888,10,1,110.6
889,27,3,32.21
889,2,3,160.93
890,33,2,149.44
890,26,3,70.38
890,27,2,152.1
891,10,1,115.62
892,8,3,76.04
892,15,2,101.74
893,48,2,160.32
893,49,2,94.63
894,12,2,41.1
894,44,2,64.24
894,17,1,196.03
895,13,1,174.83
895,8,1,79.42
895,28,3,143.12
896,46,2,39.95
897,38,1,96.93
897,41,2,98.88
897,29,3,93.24
897,2,3,117.58
898,40,1,118.84
898,33,2,179.92
899,9,1,53.34
899,4,1,81.64
900,23,1,167.34
900,16,2,180.67
900,50,1,150.76
900,37,1,157.45
901,44,3,110.05
901,49,2,177.63
902,28,3,137.76
902,12,2,26.96
903,2,2,44.45
903,50,3,184.66
904,9,1,46.23
904,25,2,84.11
904,8,3,87.44
905,45,1,90.95
905,31,1,54.62
905,19,3,188.33
906,49,1,133.07
906,12,1,116.11
907,9,2,65.48
907,25,3,179.86
907,9,3,141.22
908,8,2,81.12
908,36,1,125.73
908,9,1,198.05
908,3,1,171.14
909,17,1,161.54
909,15,3,197.04
909,6,3,186.74
910,9,1,49.03
910,22,1,134.25
910,6,2,64.59
910,40,1,123.45
911,28,3,151.76
911,29,1,132.29
911,2,2,103.32
911,13,1,29.37
912,10,1,157.09
913,29,1,180.38
913,7,1,110.17
913,6,2,161.63
914,28,2,33.03
914,3,1,191.33
915,38,3,118.41
915,37,3,47.22
916,24,1,29.0
916,19,1,19.43
917,27,2,189.03
917,6,1,49.21
917,25,1,31.04
917,36,1,49.5
918,36,1,12.42
918,44,3,22.44
918,14,1,10.69
918,41,2,90.83
919,44,1,170.16
919,48,3,48.29
919,30,3,193.66
920,16,1,18.41
920,50,2,140.32
921,39,1,146.32
922,50,2,77.03
923,18,1,112.24
923,27,1,97.8
924,28,2,163.05
924,35,1,100.31
925,11,2,176.48
926,38,1,91.39
926,37,3,138.82
926,14,3,14.95
926,36,2,41.46
927,23,3,97.5
928,4,1,48.86
928,49,3,119.69
928,25,2,131.62
928,12,1,14.95
929,1,3,55.61
930,46,3,17.99
930,4,1,78.53
931,45,1,30.83
931,8,2,95.0
931,20,3,113.41
931,2,1,127.6
932,42,3,84.46
932,9,2,133.65
932,9,1,81.15
933,11,1,62.73
933,10,1,10.64
933,16,3,122.18
934,6,2,154.68
934,48,1,186.71
934,41,3,114.42
935,3,2,110.79
936,42,3,121.48
936,48,2,144.43
937,41,1,66.75
937,34,1,188.36
937,48,2,188.3
938,1,2,18.42
938,43,3,188.22
938,9,3,28.88
938,46,1,134.11
939,16,2,150.26
939,10,2,23.47
939,25,3,23.54
939,43,1,61.48
940,17,3,84.72
940,40,2,44.94
940,14,3,81.47
940,50,3,118.49
941,50,3,190.34
942,14,2,112.6
942,47,3,99.6
942,29,3,131.78
943,35,2,52.08
943,49,1,89.18
943,11,1,136.42
943,19,2,39.1
944,25,3,32.24
944,16,3,30.33
944,42,1,22.16
944,22,2,44.41
945,12,2,151.49
945,20,2,80.51
945,15,2,53.03
946,30,3,133.06
946,36,3,16.31
946,48,1,28.8
947,34,2,149.24
947,27,3,147.09
947,9,3,159.93
947,16,2,58.66
948,8,2,97.12
948,32,1,49.99
948,2,3,142.27
949,37,1,127.64
950,22,2,95.81
951,31,2,142.27
951,12,3,43.13
952,27,1,20.15
952,47,1,148.05
953,18,2,187.72
953,27,2,46.54
953,14,1,174.92
954,23,1,164.62
954,36,2,121.51
955,39,2,23.86
956,4,2,104.65
957,40,3,162.48
958,31,3,76.0
958,23,1,152.93
958,20,2,187.44
959,44,1,18.64
959,3,2,16.19
959,1,1,110.8
960,14,1,135.8
961,41,3,53.82
961,19,2,171.67
961,24,1,14.56
962,41,2,84.53
962,44,2,161.44
962,49,2,195.03
963,39,1,176.14
963,6,3,71.9
964,14,2,111.63
964,26,2,41.9
965,8,1,129.45
965,20,1,161.5
966,1,3,64.25
966,14,1,103.77
966,34,3,35.27
967,29,1,17.1
968,24,2,102.38
968,5,1,150.08
969,50,3,179.25
969,9,3,71.76
970,18,2,103.12
970,32,1,187.45
971,7,1,56.29
971,50,3,153.59
972,36,1,121.05
972,28,3,15.1
972,23,3,30.12
972,36,1,127.72
973,45,3,55.24
974,45,3,66.25
974,45,1,173.68
975,25,3,19.07
975,12,2,37.23
975,17,1,58.7
976,41,1,42.8
976,41,2,176.74
977,35,1,121.97
977,42,2,59.28
977,38,2,55.13
977,38,2,103.38
978,39,1,32.0
978,33,1,189.71
979,40,2,25.34
979,28,1,115.55
980,2,2,46.13
980,21,1,155.96
980,33,2,82.42
981,22,2,121.0
981,26,2,107.19
981,23,2,172.57
982,37,2,43.75
982,32,1,134.92
983,23,1,191.76
984,13,3,68.05
985,22,1,151.4
985,14,3,24.0
985,21,2,166.32
986,42,2,11.44
986,3,1,146.27
986,37,3,181.95
986,49,3,10.06
987,2,2,110.8
987,31,1,47.03
987,31,3,161.15
988,30,1,125.58
988,25,2,65.42
989,46,1,113.51
989,41,1,128.2
990,38,3,30.15
991,40,2,163.71
991,18,2,143.51
991,38,3,58.16
991,5,2,192.41
992,39,1,166.26
992,36,3,83.58
992,50,3,30.82
992,41,1,16.74
993,5,1,17.07
993,15,3,142.14
994,20,3,155.24
994,14,2,109.87
994,16,2,153.93
995,1,3,14.43
996,25,3,92.56
996,12,1,81.46
996,8,2,193.43
996,50,1,116.28
997,35,2,48.63
997,23,2,71.7
998,19,2,127.94
998,11,1,43.45
998,38,1,157.91
999,36,1,33.75
999,46,1,198.24
1000,37,1,118.68
1000,29,2,132.64
1000,32,2,165.38
1000,11,2,177.14
1001,45,3,84.22
1001,20,3,172.02
1001,44,1,18.51
1002,49,1,157.92
1002,30,2,161.75
1002,27,3,40.12
1002,36,2,53.69
1003,48,1,99.22
1003,45,1,57.4
1003,25,1,139.11
1003,6,3,81.63
1004,4,1,82.31
1004,45,2,93.86
1004,10,3,186.75
1004,24,1,20.82
1005,27,3,140.3
1005,31,3,38.23
1006,14,3,95.85
1007,21,3,193.27
1008,32,2,171.44
1008,30,1,40.01
1008,11,2,193.6
1008,18,3,45.4
1009,18,3,93.53
1010,5,2,92.21
1010,42,1,112.99
1010,32,3,12.49
1011,9,3,100.48
1011,27,2,93.53
1011,8,1,67.03
1012,1,2,189.07
1012,9,2,144.74
1012,48,2,57.4
1012,12,2,97.78
1013,12,2,63.28
1013,9,1,60.92
1014,8,2,137.49
1014,42,3,16.51
1015,37,3,129.31
1015,4,2,112.1
1016,1,3,130.03
1017,11,1,175.42
1017,2,3,33.03
1017,47,2,125.97
1018,35,2,74.24
1018,21,1,56.5
1019,32,2,132.65
1019,4,2,196.31
1019,23,1,173.4
1020,49,1,44.11
1020,24,2,75.08
1021,34,2,181.57
1021,3,2,159.94
1022,7,1,73.42
1022,20,2,65.38
1023,31,2,187.1
1023,26,1,192.77
1023,18,3,21.4
1023,33,1,159.1
1024,22,2,84.12
1024,17,3,141.2
1025,28,3,88.24
1025,42,1,54.82
1025,17,2,12.72
1026,40,3,152.28
1027,9,3,159.49
1027,31,1,124.63
1027,22,3,191.6
1028,40,1,74.12
1029,34,1,187.12
1029,38,2,42.61
1030,5,3,177.95
1030,14,1,127.09
1030,47,3,163.54
1030,5,2,44.35
1031,49,2,128.29
1032,11,1,35.75
1032,34,2,149.84
1032,32,1,181.65
1032,4,2,58.19
1033,43,1,134.67
1033,30,2,83.71
1033,39,3,40.9
1033,35,3,65.77
1034,39,3,93.73
1034,23,3,183.76
1034,19,1,106.05
1034,30,1,71.18
1035,50,3,122.95
1035,36,2,183.03
1036,4,1,196.74
1036,29,3,158.91
1036,43,2,144.3
1036,22,1,45.52
1037,26,1,185.97
1038,41,3,194.36
1039,2,1,80.24
1039,22,3,149.04
1039,24,3,75.55
1039,17,3,78.39
1040,10,3,89.34
1040,49,2,106.25
1040,35,1,92.46
1040,30,2,21.02
1041,42,2,28.56
1041,38,3,166.77
1041,30,1,81.18
1042,43,2,81.79
1042,11,2,84.81
1043,33,1,72.73
1043,26,1,89.84
1043,26,1,48.37
1044,11,1,183.88
1045,13,3,23.91
1045,25,2,35.34
1046,42,2,115.14
1046,11,3,75.58
1046,27,2,57.76
1046,31,2,127.2
1047,29,1,33.34
1048,30,1,182.63
1048,22,2,161.19
1048,40,3,174.94
1048,40,1,47.86
1049,17,2,38.82
1049,15,1,65.79
1049,50,3,80.92
1049,50,1,133.58
1050,27,1,152.17
1050,6,1,56.57
1050,18,2,109.06
1051,46,3,22.15
1052,43,1,123.42
1053,5,3,168.92
1054,28,1,67.12
1055,10,2,147.85
1055,22,3,84.63
1055,39,2,39.8
1056,28,1,23.0
1057,6,3,87.63
1057,38,1,40.03
1057,15,1,24.21
1057,10,1,138.21
1058,10,2,138.03
1058,37,3,121.74
1058,28,2,73.25
1058,39,3,176.2
1059,12,3,148.59
1059,46,3,117.81
1059,30,2,81.82
1059,4,3,25.62
1060,47,2,186.03
1060,44,3,147.66
1061,29,2,82.15
1061,27,2,38.5
1061,12,3,24.18
1061,8,3,190.87
1062,31,1,28.44
1062,29,3,137.89
1062,8,2,103.6
1062,16,2,99.48
1063,20,1,91.16
1063,45,3,122.5
1064,1,2,32.13
1064,33,2,93.66
1065,47,3,97.29
1065,39,2,59.33
1066,8,2,94.82
1066,13,3,17.09
1067,43,3,87.32
1068,13,2,93.43
1068,6,2,30.61
1068,31,1,130.52
1069,10,1,119.8
1069,30,3,82.7
1069,19,3,164.61
1070,39,2,154.13
1070,30,2,110.08
1071,25,3,103.3
1071,41,2,40.36
1072,27,1,141.88
1073,5,3,73.86
1073,8,1,10.49
1073,22,2,10.05
1074,32,2,106.85
1074,38,1,182.6
1074,24,3,125.52
1075,14,2,199.39
1075,48,2,191.11
1075,42,2,52.06
1076,34,3,148.88
1077,7,1,109.6
1078,22,3,11.25
1078,21,2,125.0
1078,34,3,98.6
1078,27,1,171.98
1079,17,1,82.18
1079,36,1,134.14
1079,28,3,20.03
1080,45,3,143.95
1080,21,2,20.98
1080,6,2,193.04
1081,42,3,129.87
1081,39,1,45.7
1081,10,3,178.85
1081,24,1,88.63
1082,36,3,118.79
1082,16,1,118.64
1082,32,2,138.0
1082,25,3,158.13
1083,3,3,101.83
1083,41,1,133.14
1083,38,3,95.54
1084,17,2,102.94
1084,35,1,85.17
1085,33,1,24.46
1085,47,3,133.2
1085,28,1,100.53
1085,25,1,123.28
1086,44,1,58.14
1086,17,3,188.8
1087,13,3,125.02
1087,8,2,42.36
1087,4,3,50.95
1088,43,3,37.67
1088,46,3,109.31
1088,34,3,84.97
1089,23,3,76.22
1089,43,1,143.44
1090,15,3,164.48
1091,38,2,74.91
1091,34,2,167.62
1091,4,3,197.05
1092,18,1,85.04
1092,11,3,119.67
1092,15,2,103.37
1093,50,2,54.62
1093,35,3,136.12
1094,24,2,175.89
1095,1,1,171.79
1095,36,1,107.71
1095,1,2,125.63
1095,42,2,81.03
1096,34,2,150.87
1096,48,3,103.72
1097,30,3,186.09
1097,19,3,60.52
1097,33,3,69.69
1097,50,3,127.92
1098,31,1,164.74
1099,25,2,106.05
1099,9,1,181.12
1100,27,2,173.24
1101,45,1,113.64
1102,15,2,91.55
1102,23,3,47.49
1102,4,3,24.33
1103,11,2,170.07
1104,13,1,176.61
1104,45,2,57.18
1104,43,2,102.98
1104,45,3,56.13
1105,16,3,108.66
1105,41,3,21.83
1106,46,1,110.39
1106,39,1,50.94
1106,28,1,55.73
1106,1,1,117.22
1107,4,3,133.26
1107,10,2,195.96
1108,19,2,88.42
1108,46,1,83.8
1108,23,1,23.98
1109,18,2,121.8
1109,31,1,126.49
1109,35,1,191.54
1110,36,1,95.31
1110,30,1,63.4
1110,39,3,18.66
1111,50,1,142.99
1112,36,2,177.7
1113,28,1,43.07
1114,50,2,139.54
1114,6,1,80.86
1114,9,1,12.32
1114,17,2,21.83
1115,35,2,87.9
1115,16,1,159.85
1115,24,2,190.52
1115,44,1,24.86
1116,16,2,30.28
1116,4,2,122.37
1116,36,2,156.97
1116,38,1,34.93
1117,28,1,48.43
1117,9,2,150.75
1117,44,1,23.45
1118,14,2,138.94
1118,16,2,135.87
1118,17,2,190.21
1119,49,2,142.78
1120,25,2,90.06
1121,33,1,167.13
1121,10,2,94.75
1121,38,1,61.03
1122,18,3,130.33
1122,27,2,66.45
1123,21,3,23.33
1123,39,3,163.36
1123,2,3,187.88
1124,15,1,58.3
1124,12,3,164.37
1124,20,1,122.29
1124,3,1,63.88
1125,26,2,194.26
1125,10,1,161.35
1125,32,2,128.4
1126,20,3,121.05
1127,49,3,187.72
1127,28,1,64.25
1128,11,3,63.83
1128,50,1,60.0
1128,45,1,176.7
1128,29,1,165.93
1129,12,3,17.45
1130,32,2,102.76
1130,18,3,155.51
1130,11,2,127.89
1130,11,2,179.02
1131,48,1,90.76
1131,44,3,196.02
1132,24,3,74.98
1132,35,1,63.99
1132,22,3,100.73
1133,9,2,46.96
1133,2,1,128.68
1133,37,3,194.83
1133,14,2,190.11
1134,25,1,32.84
1134,48,3,188.49
1135,21,3,192.07
1136,36,1,145.77
1136,12,3,61.84
1136,34,3,48.4
1137,5,2,142.65
1137,15,3,95.23
1138,2,2,128.13
1138,31,3,194.38
1139,6,2,188.09
1139,27,1,56.41
1139,14,3,70.58
1140,10,2,50.5
1140,16,2,164.08
1140,18,2,42.96
1140,45,2,127.64
1141,7,1,99.55
1142,39,1,26.79
1142,32,2,135.63
1143,50,3,116.78
1143,43,2,122.29
1143,33,2,11.12
1143,12,3,109.42
1144,41,2,145.88
1144,14,3,28.37
1145,4,3,65.38
1145,10,3,70.69
1145,4,3,149.46
1146,22,1,153.85
1146,32,2,159.97
1147,50,1,162.18
1147,5,1,44.16
1147,40,2,168.64
1147,30,1,168.2
1148,47,1,168.22
1149,27,2,195.69
1149,41,2,82.27
1150,47,1,49.29
1150,32,3,44.43
1151,46,1,64.14
1152,41,2,48.72
1152,41,1,26.06
1153,13,1,198.12
1154,44,1,93.04
1154,44,2,164.37
1154,31,3,192.74
1155,46,2,171.52
1155,34,3,115.33
1155,33,2,71.1
1155,29,1,166.04
1156,20,1,184.08
1156,16,2,132.14
1156,10,1,148.93
1157,29,1,13.28
1157,49,1,192.49
1157,3,1,139.78
1157,28,3,67.11
1158,23,2,132.57
1158,42,1,16.8
1159,45,3,64.31
1160,39,2,148.04
1160,20,2,167.45
1160,20,2,129.83
1160,43,2,181.4
1161,19,1,25.86
1162,26,3,10.34
1162,3,1,52.33
1162,1,2,119.03
1163,7,3,72.84
1163,20,3,171.95
1163,5,2,127.07
1163,48,3,188.45
1164,22,1,65.67
1164,21,1,167.7
1164,38,3,31.33
1164,6,3,149.26
1165,21,2,16.89
1166,22,3,96.59
1166,47,3,126.13
1167,27,1,167.99
1167,15,3,44.31
1167,17,2,91.12
1168,19,2,183.89
1168,25,2,42.77
1169,32,3,168.17
1169,7,3,91.21
1170,43,3,84.24
1171,13,1,163.8
1171,19,2,80.86
1172,2,3,131.98
1172,20,3,68.0
1173,28,3,68.14
1173,50,1,72.79
1174,24,1,20.01
1174,36,3,66.2
1174,29,2,63.97
1174,2,1,160.2
1175,13,2,89.52
1175,28,3,191.93
1176,37,1,176.85
1177,1,1,81.71
1177,17,3,25.26
1177,3,2,35.17
1177,36,2,126.66
1178,28,1,46.97
1178,30,2,42.36
1178,37,3,24.69
1178,11,3,109.85
1179,43,1,148.45
1180,33,3,13.06
1180,13,3,32.44
1180,36,3,115.83
1181,17,2,111.75
1181,46,2,86.05
1182,2,2,11.86
1182,37,3,178.23
1182,22,2,91.06
1183,2,3,47.63
1183,41,2,163.88
1183,50,3,154.47
1184,4,2,83.49
1184,23,1,43.67
1184,39,3,114.75
1184,27,3,170.16
1185,42,2,57.07
1186,48,3,44.59
1186,7,1,145.86
1187,41,2,78.48
1188,30,3,59.35
1188,20,2,97.59
1188,20,3,104.24
1188,40,2,66.69
1189,10,2,56.26
1189,16,1,116.06
1190,20,3,165.34
1191,13,1,92.33
1192,15,2,27.07
1193,45,2,19.82
1193,22,2,10.22
1194,6,1,123.14
1195,12,3,88.56
1195,1,2,113.25
1195,18,3,180.58
1195,3,1,83.17
1196,43,1,15.66
1196,8,2,162.8
1196,6,1,61.23
1197,11,2,103.28
1197,44,3,42.3
1197,16,3,198.02
1197,37,1,56.72
1198,46,1,127.4
1199,5,3,58.77
1199,12,1,135.23
1200,9,3,130.45
1200,47,2,158.4
1200,36,2,134.61
1200,48,3,60.92
1201,6,2,165.54
1201,48,3,131.26
1201,6,2,52.93
1201,30,1,46.32
1202,3,1,148.15
1202,49,2,149.2
1202,1,2,71.67
1203,4,3,168.76
1203,18,2,74.99
1204,16,1,193.48
1204,16,3,153.47
1205,25,2,37.6
1205,17,3,128.27
1206,7,1,54.68
1206,9,3,174.42
1207,4,3,87.52
1208,49,2,93.05
1208,40,2,123.06
1209,23,2,22.5
1209,32,3,157.2
1210,25,1,37.42
1210,25,2,126.72
1210,8,1,81.99
1211,27,3,24.55
1211,38,3,110.78
1211,32,2,132.47
1212,10,2,175.59
1212,8,1,70.32
1213,14,2,15.0
1213,44,1,62.99
1214,39,2,62.98
1214,26,2,197.35
1214,28,2,87.17
1215,32,2,191.87
1215,24,1,141.81
1215,18,1,101.47
1216,18,3,71.02
1216,33,1,11.24
1216,20,1,89.32
1216,8,2,187.97
1217,32,1,22.33
1218,10,3,53.7
1218,48,1,22.81
1219,40,3,90.15
1219,38,3,197.25
1219,15,2,157.93
1219,10,2,178.26
1220,35,3,69.14
1220,14,1,37.63
1220,47,3,179.52
1221,22,2,72.92
1221,9,3,77.57
1221,16,2,163.73
1221,40,2,186.63
1222,8,3,10.88
1222,36,3,82.25
1222,33,2,130.63
1222,3,2,165.76
1223,50,2,184.94
1224,7,3,139.53
1224,15,1,29.41
1225,29,1,113.59
1225,30,1,188.83
1225,5,3,112.81
1225,49,1,100.9
1226,46,2,19.12
1226,20,2,142.06
1226,10,3,147.22
1226,34,3,177.94
1227,4,1,84.91
1227,49,1,182.19
1228,20,1,103.67
1228,15,1,190.9
1228,15,1,56.81
1228,45,2,198.76
1229,38,2,127.88
1230,49,1,73.72
1231,7,2,110.51
1232,13,2,12.47
1232,11,2,17.79
1233,20,1,143.87
1233,42,1,189.1
1233,4,3,17.73
1233,3,3,139.28
1234,19,1,120.44
1234,35,2,159.64
1234,14,2,20.81
1234,24,1,148.9
1235,35,2,30.07
1235,21,3,70.99
1235,45,2,133.94
1235,48,3,78.86
1236,48,1,57.63
1236,44,1,104.55
1237,39,1,144.5
1238,4,1,169.3
1238,38,2,72.18
1239,8,1,37.84
1240,12,1,24.22
1240,23,3,90.12
1241,35,3,79.95
1242,49,1,80.09
1242,17,3,80.2
1242,22,2,117.14
1243,20,2,16.25
1243,42,2,190.33
1244,6,3,60.12
1245,44,2,144.88
1246,37,3,97.59
1246,29,1,131.52
1247,16,2,95.92
1247,2,2,19.33
1247,46,2,48.97
1248,27,3,75.54
1249,34,2,172.39
1250,27,2,199.02
1250,21,3,55.36
1250,38,2,55.08
1251,25,2,23.95
1251,4,2,183.7
1251,35,3,95.14
1251,23,1,198.17
1252,25,1,106.17
1252,11,1,154.79
1252,25,2,145.13
1253,1,1,139.67
1253,3,2,129.04
1253,29,3,106.33
1254,45,1,76.7
1254,47,2,191.43
1254,39,1,143.48
1255,13,2,21.36
1255,10,1,176.84
1255,38,2,124.11
1255,39,2,161.35
1256,24,3,38.91
1257,36,2,85.71
1257,31,3,194.75
1258,47,2,124.45
1258,45,2,47.35
1258,7,3,56.22
1258,3,2,99.36
1259,4,3,157.03
1259,31,3,59.61
1259,2,1,160.63
1259,50,3,35.06
1260,39,1,41.45
1261,33,1,43.45
1261,44,1,88.34
1261,33,3,153.56
1261,41,2,75.17
1262,8,2,73.38
1262,6,1,14.39
1262,38,2,170.57
1262,17,1,18.75
1263,46,1,34.06
1263,48,1,119.19
1263,6,3,32.38
1264,9,3,126.28
1265,16,2,150.61
1266,12,2,117.62
1266,19,2,190.79
1266,39,3,183.97
1267,21,1,167.46
1268,42,3,53.89
1268,17,3,163.5
1268,6,1,120.26
1269,13,1,24.82
1270,49,2,198.95
1271,12,3,43.02
1271,33,1,102.61
1271,14,3,47.55
1272,22,2,43.26
1272,3,1,126.05
1272,34,3,156.76
1272,47,3,189.25
1273,46,2,191.92
1273,40,2,49.58
1274,45,1,137.56
1274,12,2,40.87
1275,14,1,87.57
1275,47,1,99.6
1275,46,1,53.68
1275,17,3,54.63
1276,36,2,62.06
1276,49,1,42.94
1276,36,1,190.99
1276,12,1,81.47
1277,27,1,99.61
1277,32,3,54.43
1277,22,1,159.76
1278,12,2,84.3
1279,2,2,74.87
1279,29,3,99.59
1280,9,1,170.03
1280,17,3,198.51
1280,22,3,98.02
1280,36,2,40.2
1281,46,2,114.07
1282,23,2,65.55
1282,45,3,141.89
1282,34,1,66.71
1283,42,1,138.2
1283,7,1,100.56
1283,10,2,11.48
1284,35,2,55.12
1284,9,1,39.63
1284,40,2,163.43
1285,49,3,41.0
1285,28,2,183.88
1285,11,2,71.58
1286,28,3,58.8
1287,39,2,38.2
1287,34,3,29.93
1287,34,2,108.17
1288,45,2,177.6
1288,34,1,186.92
1289,25,2,191.64
1289,1,2,32.63
1290,7,1,125.86
1290,23,1,30.21
1291,40,1,90.95
1291,11,3,31.79
1291,15,1,171.87
1291,25,1,60.11
1292,31,1,41.65
1293,47,1,172.2
1293,10,2,82.33
1293,34,3,15.57
1294,1,1,155.69
1294,20,2,177.02
1294,32,1,80.64
1295,11,2,153.86
1296,39,2,87.33
1296,17,1,91.35
1296,2,2,154.58
1297,36,2,133.53
1298,9,1,70.85
1298,2,3,192.63
1298,47,3,51.46
1298,33,1,103.44
1299,23,1,59.75
1299,28,3,31.04
1299,10,3,16.81
1299,15,2,142.89
1300,5,3,39.83
1300,9,1,152.79
1300,40,2,18.55
1301,24,3,147.53
1301,25,3,39.0
1302,27,3,70.96
1303,19,3,66.27
1304,35,3,143.97
1304,34,1,128.15
1304,25,1,147.88
1304,47,2,123.03
1305,21,3,99.66
1305,23,1,61.72
1305,13,1,186.84
1305,10,3,44.0
1306,11,2,105.93
1306,29,1,14.57
1307,49,1,109.9
1307,17,2,180.35
1308,24,2,57.05
1309,29,1,141.29
1309,19,3,168.65
1310,6,3,145.07
1310,36,1,87.54
1311,20,2,101.74
1311,39,1,114.94
1311,24,1,160.93
1312,12,3,21.61
1312,40,3,171.36
1313,20,2,183.12
1313,21,2,101.28
1313,48,3,169.5
1314,40,1,178.93
1314,29,1,140.04
1314,5,3,56.52
1314,35,2,199.6
1315,12,1,150.05
1315,21,3,133.45
1315,1,1,167.85
1315,15,3,175.05
1316,40,2,60.41
1316,43,1,189.78
1316,45,1,81.16
1317,31,3,187.56
1318,31,3,183.21
1318,33,3,80.76
1318,37,1,119.04
1318,44,1,197.8
1319,48,1,16.75
1320,24,1,69.66
1321,40,3,145.11
1322,15,1,82.13
1322,20,1,31.25
1322,40,1,89.37
1322,26,1,106.15
1323,34,3,178.99
1323,18,2,28.12
1323,6,3,183.88
1324,31,1,24.92
1324,21,1,10.16
1325,38,3,44.51
1325,25,3,199.04
1325,20,1,147.5
1326,33,3,148.91
1326,46,1,92.8
1326,8,3,17.97
1326,44,2,180.22
1327,46,2,148.08
1327,21,1,20.06
1328,41,2,36.12
1329,16,1,182.49
1329,38,3,185.95
1330,49,1,177.09
1331,44,2,137.46
1332,45,2,17.61
1333,18,1,193.12
1333,13,1,48.53
1334,40,1,185.7
1334,36,2,25.65
1334,22,2,165.44
1334,9,3,135.44
1335,33,2,184.69
1335,27,3,49.61
1336,27,1,22.48
1336,3,3,34.21
1336,31,2,52.83
1337,47,3,116.52
1337,25,3,153.98
1337,44,2,95.33
1337,36,3,198.14
1338,43,1,46.58
1339,41,1,147.08
1340,17,1,50.77
1340,50,2,161.92
1340,8,1,41.72
1340,31,1,53.34
1341,21,2,37.68
1341,28,1,27.78
1341,21,3,102.39
1342,29,3,37.94
1342,28,1,52.63
1343,22,2,14.84
1343,33,3,146.18
1343,32,1,177.39
1343,34,3,122.61
1344,31,3,157.66
1345,33,2,135.34
1345,8,3,22.25
1346,30,3,42.72
1346,4,3,137.55
1346,2,3,139.93
1347,26,1,146.69
1347,26,3,198.7
1348,25,3,188.49
1348,38,1,159.69
1348,8,2,27.04
1348,8,2,39.52
1349,6,1,156.85
1350,43,3,137.59
1350,9,3,75.76
1350,46,2,146.7
1351,20,1,107.1
1351,46,3,49.27
1352,3,1,165.96
1353,22,3,35.0
1354,5,1,35.23
1355,31,1,181.71
1355,42,3,137.04
1355,7,3,129.68
1355,41,2,45.63
1356,27,2,56.12
1356,31,1,111.58
1356,10,2,107.8
1357,34,3,95.14
1357,11,1,30.76
1357,28,1,20.58
1357,25,1,142.04
1358,29,2,74.4
1358,46,1,55.42
1359,24,3,178.63
1360,44,2,29.81
1360,12,3,79.13
1360,17,3,199.94
1360,11,3,49.54
1361,2,2,152.66
1361,24,3,75.28
1361,9,3,32.7
1362,14,1,157.93
1363,22,3,92.88
1363,40,2,21.26
1363,39,1,97.4
1363,3,2,132.73
1364,13,2,73.9
1365,40,1,104.14
1366,9,1,71.34
1367,37,2,153.16
1368,14,1,21.19
1368,49,2,130.84
1368,44,1,68.11
1369,26,3,121.9
1369,15,3,133.28
1369,12,1,28.9
1369,3,2,117.45
1370,30,1,62.4
1370,18,1,191.77
1371,48,2,124.62
1371,1,3,77.1
1371,42,2,11.82
1371,6,3,41.08
1372,44,3,20.52
1373,32,3,68.38
1373,43,3,127.43
1373,2,3,190.49
1373,4,1,182.81
1374,5,2,42.45
1374,32,2,155.15
1375,45,3,181.84
1375,19,1,92.51
1376,28,1,35.29
1376,50,2,41.1
1376,20,1,106.53
1376,47,3,79.03
1377,29,1,96.02
1378,22,3,44.85
1378,34,1,71.55
1378,15,3,106.03
1379,21,1,16.09
1380,44,1,161.38
1380,40,2,25.1
1381,23,3,190.33
1381,50,2,141.85
1381,20,1,35.72
1382,48,3,184.86
1383,4,1,80.83
1384,9,2,186.64
1385,38,1,92.33
1386,7,3,194.96
1386,11,3,125.47
1387,36,3,143.52
1388,21,3,15.25
1389,18,1,68.09
1390,46,1,199.55
1390,18,1,59.85
1390,10,3,22.36
1390,40,2,136.58
1391,8,3,48.04
1391,29,1,87.04
1391,9,3,156.27
1391,20,2,40.03
1392,13,1,105.03
1393,50,3,163.04
1393,20,3,199.88
1393,45,2,38.38
1394,41,2,23.48
1395,36,3,191.54
1395,25,3,134.97
1395,21,2,119.42
1396,14,3,18.42
1396,22,1,96.58
1396,35,1,145.4
1397,12,3,179.95
1397,8,2,69.91
1397,30,1,104.72
1398,49,2,61.66
1398,7,2,93.15
1398,8,1,19.53
1398,39,3,171.89
1399,30,2,76.61
1399,1,1,115.77
1399,34,1,139.52
1400,12,1,147.9
1400,20,1,164.77
1400,39,1,78.49
1400,45,2,106.34
1401,24,1,129.09
1402,45,3,40.44
1402,25,1,121.59
1403,31,1,69.81
1404,43,2,66.14
1405,21,2,101.24
1405,40,3,77.39
1405,11,1,39.94
1405,44,3,79.52
1406,47,3,71.79
1406,8,1,51.01
1406,50,3,63.01
1407,21,2,113.89
1407,14,2,132.11
1407,47,1,96.43
1408,7,3,186.87
1408,12,3,185.36
1408,34,3,124.87
1409,29,2,125.12
1409,48,3,190.18
1410,2,3,141.74
1410,48,2,102.04
1411,12,3,169.1
1412,8,3,195.36
1412,15,2,183.86
1412,38,3,93.47
1412,26,3,114.66
1413,36,2,108.38
1413,31,2,107.22
1413,10,1,22.54
1414,42,2,167.96
1414,12,2,56.81
1414,3,2,36.95
1415,31,2,145.06
1416,29,3,159.54
1416,19,1,86.87
1416,48,3,46.4
1417,20,2,110.4
1417,11,1,112.62
1418,10,1,41.09
1418,50,3,173.54
1418,34,3,171.85
1418,17,3,106.11
1419,39,2,93.55
1420,45,1,43.52
1420,30,3,127.43
1420,47,2,31.5
1421,20,1,62.07
1421,23,3,185.23
1421,35,3,107.95
1422,7,1,74.65
1422,36,3,59.28
1423,17,1,94.81
1423,30,2,171.94
1424,26,3,83.26
1425,28,1,179.39
1425,31,2,168.74
1425,34,3,79.02
1426,49,3,48.39
1427,21,2,57.75
1427,7,1,185.95
1427,8,3,152.26
1428,11,2,64.69
1428,29,1,27.88
1428,41,2,105.68
1429,36,3,127.08
1429,49,2,73.33
1429,16,2,184.12
1430,34,2,153.44
1431,20,1,199.06
1431,21,1,180.97
1431,3,2,79.2
1431,6,3,153.89
1432,44,1,190.93
1432,36,3,172.91
1432,44,2,156.67
1432,29,3,182.31
1433,24,1,55.96
1433,33,2,73.08
1433,17,2,159.66
1433,25,2,74.23
1434,17,3,74.33
1434,48,1,190.99
1434,43,2,25.49
1435,24,3,158.1
1435,47,2,99.85
1435,41,3,151.24
1436,46,3,37.39
1436,33,3,38.82
1437,2,3,27.37
1437,20,1,26.87
1437,20,2,141.47
1437,18,1,176.08
1438,42,3,167.84
1438,14,2,90.24
1438,42,3,148.77
1438,22,3,164.95
1439,12,1,119.11
1439,4,2,103.56
1440,36,3,40.61
1441,9,2,36.8
1442,8,1,94.34
1443,4,2,135.69
1443,14,1,80.43
1443,49,3,22.63
1444,4,1,144.49
1445,25,1,112.88
1446,1,1,85.53
1447,10,3,56.55
1447,11,2,177.61
1447,13,3,132.92
1448,13,1,196.63
1448,20,3,195.34
1449,39,1,56.18
1449,4,1,160.81
1449,30,1,146.35
1450,34,3,91.5
1450,20,1,120.08
1450,32,2,38.44
1450,48,2,54.75
1451,43,1,43.98
1451,40,2,86.52
1451,47,1,156.81
1451,36,1,182.8
1452,34,2,66.53
1452,50,3,10.96
1452,23,3,129.66
1453,7,2,156.71
1453,14,2,58.21
1454,22,2,87.96
1454,26,3,175.62
1455,49,1,80.54
1455,31,2,119.79
1456,23,2,77.68
1456,18,3,103.91
1456,1,1,32.1
1457,15,3,158.21
1458,38,1,91.85
1458,1,2,150.08
1459,37,3,103.38
1459,27,2,164.46
1460,46,3,68.49
1460,26,3,139.69
1460,46,2,57.6
1460,7,3,150.5
1461,50,3,165.21
1461,29,1,10.81
1461,45,2,51.59
1462,15,2,154.9
1462,19,3,95.03
1462,46,2,28.08
1463,49,2,92.83
1463,41,3,146.39
1464,23,2,194.46
1464,8,3,180.24
1465,28,2,108.65
1465,33,3,108.28
1465,26,2,177.49
1466,24,3,143.31
1467,40,2,88.27
1468,37,1,14.6
1468,21,1,105.28
1468,23,3,135.44
1469,25,3,58.75
1469,38,2,63.38
1469,11,3,71.02
1470,4,1,135.41
1471,34,3,91.69
1471,32,3,84.02
1471,50,3,180.67
1472,48,1,141.89
1472,38,1,162.54
1473,40,3,84.25
1474,42,2,22.35
1475,35,2,94.51
1476,4,1,72.09
1476,39,3,153.51
1476,17,2,132.35
1476,14,1,197.28
1477,18,3,53.71
1477,11,2,41.07
1477,48,1,184.1
1477,14,2,197.39
1478,4,1,34.62
1478,4,2,186.99
1478,11,3,152.39
1479,40,1,86.12
1479,4,1,117.5
1479,44,1,14.83
1480,29,1,192.83
1480,20,3,125.47
1481,46,1,194.86
1482,22,2,38.22
1483,29,3,143.96
1483,46,2,17.48
1483,1,3,149.64
1484,42,3,184.06
1484,44,2,170.2
1484,48,2,194.24
1485,43,1,45.86
1485,6,3,79.19
1486,2,3,27.62
1486,16,1,102.53
1486,7,2,30.49
1486,45,3,134.48
1487,32,3,50.93
1487,50,2,185.53
1487,5,1,143.96
1487,46,3,42.2
1488,3,1,36.21
1488,42,1,64.3
1488,44,3,30.55
1489,12,2,40.61
1489,48,1,74.95
1489,11,2,64.53
1489,34,1,15.49
1490,39,3,153.07
1490,43,3,82.22
1490,2,1,98.15
1490,42,3,105.03
1491,22,3,159.86
1491,14,2,138.88
1491,50,2,146.7
1491,9,1,38.58
1492,11,2,66.3
1492,40,3,131.23
1492,29,2,129.01
1493,9,3,109.28
1493,37,2,183.31
1493,38,2,188.98
1494,33,3,116.21
1494,18,3,45.95
1494,42,3,179.13
1495,36,3,145.26
1495,48,2,142.81
1495,49,3,192.12
1496,48,3,47.54
1496,11,1,54.32
1496,31,1,96.52
1496,17,1,33.25
1497,8,3,57.25
1497,36,3,131.39
1497,49,2,19.26
1498,10,3,54.92
1498,12,2,45.05
1498,48,1,109.23
1498,13,2,113.23
1499,43,2,83.07
1499,46,2,125.6
1499,8,2,149.58
1500,15,1,46.13
1501,19,1,116.72
1501,14,2,167.95
1501,22,1,196.08
1501,31,3,71.94
1502,34,3,14.22
1502,4,2,18.26
1503,28,2,14.18
1503,44,3,20.31
1503,44,3,146.51
1504,32,1,95.41
1504,26,3,111.38
1505,41,2,128.95
1506,13,3,17.58
1506,29,2,171.43
1507,44,1,88.48
1508,4,2,123.64
1509,2,1,45.41
1509,2,2,16.16
1509,23,3,175.4
1509,44,1,183.79
1510,44,3,51.93
1510,24,2,14.93
1510,30,1,190.7
1511,44,3,22.13
1511,29,3,129.01
1511,24,3,37.11
1511,10,1,37.91
1512,15,1,69.27
1512,33,1,133.48
1512,9,3,199.43
1513,24,3,183.86
1513,20,1,16.13
1513,26,3,134.54
1514,3,3,194.89
1514,22,3,53.88
1514,46,2,185.06
1514,49,2,87.49
1515,36,2,40.72
1515,49,1,156.31
1515,44,3,181.69
1516,22,3,150.96
1516,48,2,162.48
1517,27,3,147.8
1517,13,3,130.51
1517,10,1,169.49
1518,8,1,199.46
1519,7,1,78.59
1519,7,2,187.67
1519,41,2,12.7
1520,21,1,51.8
1520,27,2,82.49
1521,5,2,166.85
1521,42,3,20.57
1521,32,2,193.12
1521,3,3,26.25
1522,17,1,12.62
1522,31,1,24.36
1522,13,1,26.74
1523,40,2,56.14
1524,39,2,106.88
1525,1,1,124.12
1525,35,1,76.23
1525,30,3,46.3
1525,15,2,111.5
1526,2,2,199.47
1526,27,1,27.34
1526,13,1,85.69
1527,50,3,150.03
1528,37,2,42.04
1528,34,3,65.69
1528,7,1,176.61
1528,4,2,88.84
1529,33,1,159.8
1529,46,1,52.03
1529,3,3,72.87
1530,43,2,157.7
1530,37,1,64.46
1530,38,2,12.42
1530,46,2,175.04
1531,41,2,106.46
1531,50,1,95.39
1531,48,3,159.75
1531,25,3,125.96
1532,17,2,159.32
1532,2,3,117.79
1532,13,1,145.45
1532,49,3,61.59
1533,8,3,109.91
1534,22,1,20.16
1534,11,2,79.92
1535,4,2,180.41
1536,5,1,45.11
1536,17,2,34.86
1537,14,2,159.1
1537,17,2,62.55
1537,4,2,97.25
1537,41,1,190.34
1538,15,3,96.49
1538,10,1,94.25
1538,7,1,144.92
1539,16,1,105.72
1540,40,2,45.82
1540,47,3,162.51
1541,43,3,77.83
1541,6,3,137.89
1541,3,2,76.64
1542,44,3,24.99
1542,13,3,27.4
1542,16,2,139.6
1543,32,2,63.59
1543,49,1,85.86
1543,26,1,87.02
1544,1,2,80.6
1544,28,3,70.67
1544,37,1,38.93
1545,49,2,174.66
1545,47,1,33.5
1545,50,3,46.35
1546,5,1,35.71
1547,27,3,92.23
1547,48,1,69.81
1547,21,2,56.04
1547,26,3,183.77
1548,30,3,199.86
1549,32,3,129.98
1549,15,2,77.94
1549,1,2,162.82
1550,7,2,146.66
1550,40,2,61.16
1550,30,3,51.19
1550,25,2,170.6
1551,17,1,189.29
1551,35,1,140.21
1551,35,3,150.21
1552,44,1,108.49
1552,11,1,156.8
1552,27,3,20.83
1552,30,2,176.17
1553,16,3,28.33
1553,9,2,40.45
1553,37,3,30.93
1553,12,2,29.89
1554,11,2,47.17
1554,23,3,89.82
1554,12,3,153.48
1555,3,2,150.21
1555,4,1,133.78
1556,13,3,135.41
1556,43,3,85.18
1557,34,3,37.9
1558,48,1,59.64
1559,4,2,147.63
1559,42,2,122.31
1559,5,2,195.81
1560,50,2,157.28
1561,27,2,54.53
1561,18,1,52.91
1562,24,1,26.86
1562,46,1,178.66
1562,14,3,46.44
1562,16,2,118.68
1563,12,2,39.59
1563,46,1,23.47
1564,41,1,168.67
1564,41,2,39.55
1564,7,3,48.85
1565,44,1,136.06
1565,32,1,78.14
1565,13,3,82.57
1566,15,3,29.63
1566,29,1,13.95
1566,31,2,151.7
1566,17,1,125.11
1567,5,2,52.41
1567,20,1,109.72
1567,11,3,45.36
1567,47,3,44.95
1568,26,1,133.98
1568,7,2,29.03
1568,35,3,106.47
1568,25,3,78.71
1569,34,1,175.45
1569,2,2,179.58
1570,34,3,80.64
1571,49,3,31.32
1571,50,2,37.77
1572,48,3,84.62
1572,7,1,111.63
1573,23,3,173.97
1573,8,1,24.36
1574,26,1,103.0
1574,38,1,122.13
1574,17,2,42.39
1575,34,3,49.51
1575,36,2,35.85
1576,38,1,10.63
1576,6,2,69.11
1576,1,2,170.52
1577,1,3,139.83
1578,48,2,105.58
1578,22,3,166.44
1578,40,3,196.52
1578,4,1,18.12
1579,31,2,80.99
1580,12,3,140.55
1581,30,2,140.12
1581,19,2,73.98
1581,28,2,195.79
1582,14,3,167.55
1582,14,1,72.45
1583,12,2,96.92
1583,13,1,91.81
1583,7,3,135.27
1584,50,1,72.55
1584,16,3,174.17
1585,20,2,34.03
1586,14,3,104.72
1586,17,1,104.51
1586,22,3,84.65
1586,35,1,110.42
1587,1,1,57.7
1587,49,1,85.73
1587,32,1,169.52
1587,8,2,180.74
1588,48,1,25.33
1589,4,3,40.05
1590,46,1,196.86
1590,46,1,50.29
1590,12,2,133.27
1590,21,1,145.81
1591,21,3,65.4
1592,23,3,84.97
1592,26,1,20.67
1593,24,3,186.12
1593,23,2,197.82
1593,31,2,55.91
1594,47,3,71.68
1594,42,3,27.67
1595,30,3,48.4
1595,17,2,119.91
1595,17,3,126.17
1595,12,1,107.08
1596,38,2,125.3
1597,35,1,48.56
1597,27,1,75.08
1597,16,1,151.93
1598,43,2,57.05
1599,2,1,13.44
1599,25,1,103.38
1599,5,1,180.46
1599,31,1,112.8
1600,23,3,173.07
1600,50,2,78.68
1600,37,2,10.2
1601,28,1,106.98
1601,38,2,59.63
1601,30,2,111.04
1601,7,2,172.3
1602,11,1,54.14
1602,8,3,65.27
1603,7,3,198.24
1603,18,1,157.19
1603,28,3,18.39
1604,49,2,190.29
1604,29,2,154.32
1605,47,1,22.27
1605,7,3,61.93
1606,41,3,120.01
1607,12,2,32.35
1607,11,2,87.85
1607,14,1,183.28
1608,42,2,31.84
1608,11,3,127.87
1608,15,3,25.65
1609,48,2,44.09
1610,16,2,145.03
1610,38,2,190.49
1610,41,3,155.4
1611,15,1,185.73
1611,15,2,196.67
1612,50,3,181.26
1612,35,1,135.54
1612,36,2,28.68
1613,44,1,45.36
1614,28,3,51.26
1614,3,3,34.79
1614,9,3,192.98
1614,50,3,74.17
1615,19,2,110.82
1615,27,1,144.86
1615,49,1,74.26
1615,29,3,43.07
1616,1,1,120.13
1616,23,2,22.0
1616,40,3,191.04
1616,16,3,165.93
1617,27,1,153.3
1618,3,2,62.27
1619,44,2,139.99
1619,46,2,41.86
1620,27,2,195.84
1620,12,3,30.93
1621,45,3,156.21
1622,16,3,191.03
1622,33,1,125.1
1623,27,1,123.15
1624,45,3,105.4
1625,38,2,25.32
1626,6,1,194.47
1626,35,2,60.97
1627,5,2,71.16
1627,50,3,114.5
1627,15,1,155.03
1627,36,2,56.27
1628,4,1,179.09
1628,44,2,171.45
1628,34,1,180.16
1628,36,3,90.68
1629,24,1,163.44
1630,27,3,20.99
1631,22,1,18.89
1632,46,3,42.73
1632,22,2,45.06
1632,13,3,136.02
1633,25,3,156.71
1633,6,3,129.9
1634,33,2,135.69
1634,14,3,70.76
1634,41,3,150.94
1634,47,2,123.82
1635,25,1,70.77
1635,14,1,137.86
1635,19,2,104.82
1636,8,2,51.58
1637,40,3,106.88
1637,38,2,117.31
1637,41,3,153.58
1638,32,2,54.79
1638,30,2,18.6
1638,1,1,199.9
1638,22,2,106.22
1639,50,1,69.6
1639,39,1,108.05
1639,4,3,18.27
1640,12,2,199.0
1640,17,3,193.51
1640,31,3,37.29
1640,48,3,93.22
1641,16,2,70.41
1641,28,2,190.49
1641,48,1,145.51
1642,1,1,116.66
1643,2,2,99.19
1643,19,1,141.54
1643,26,3,48.68
1644,29,1,88.44
1644,22,2,106.37
1644,7,3,73.25
1644,15,2,49.69
1645,29,3,80.19
1645,4,2,190.09
1645,20,2,18.05
1645,35,3,32.36
1646,1,1,14.24
1646,35,3,68.59
1646,26,1,129.01
1647,26,2,155.8
1647,36,1,166.68
1648,27,3,167.84
1648,11,2,143.36
1648,30,1,92.02
1649,35,3,24.84
1649,43,2,142.21
1649,47,2,192.98
1649,22,1,125.26
1650,29,3,23.43
1651,8,1,68.96
1651,31,1,168.06
1651,10,2,21.99
1652,4,1,196.93
1653,5,1,171.45
1653,50,3,133.88
1653,48,2,185.72
1654,42,1,179.65
1654,45,1,56.27
1654,35,1,194.92
1655,44,3,196.16
1655,22,1,142.13
1655,42,2,189.69
1656,45,3,84.8
1656,21,3,96.31
1656,2,1,96.7
1657,10,3,154.2
1657,29,1,195.76
1657,10,2,121.94
1658,3,2,14.4
1658,31,3,113.46
1658,22,1,183.29
1659,13,2,173.24
1659,3,1,110.99
1659,13,1,166.76
1659,37,3,110.72
1660,47,2,52.79
1660,7,3,172.72
1660,50,2,161.45
1660,27,2,21.41
1661,38,3,130.87
1661,35,1,158.77
1661,19,3,46.51
1661,21,2,55.74
1662,42,3,63.64
1662,50,3,120.7
1662,20,3,33.1
1663,37,3,128.15
1663,6,3,133.8
1663,44,1,23.31
1663,19,1,198.16
1664,31,1,167.17
1664,30,3,68.4
1664,11,2,128.56
1664,4,3,82.78
1665,10,2,137.27
1665,2,1,56.11
1665,8,1,54.37
1665,38,1,83.52
1666,28,2,166.59
1667,25,1,58.35
1667,38,3,106.98
1667,37,3,124.9
1667,18,2,122.83
1668,31,3,22.3
1668,2,3,123.39
1668,42,1,72.34
1669,7,3,41.64
1669,10,3,60.23
1669,19,1,170.22
1669,15,2,62.86
1670,49,2,53.1
1670,27,3,37.34
1671,14,1,169.06
1672,23,3,108.5
1673,24,3,136.85
1673,22,3,93.03
1673,15,2,25.42
1673,31,1,197.76
1674,8,2,128.02
1674,47,3,50.93
1674,39,1,168.31
1674,50,2,57.97
1675,28,3,78.26
1675,16,2,158.52
1675,31,3,34.43
1676,6,3,89.07
1676,16,2,142.65
1676,44,3,46.28
1677,32,1,65.24
1677,49,1,93.41
1677,19,3,136.9
1678,43,2,76.27
1678,3,3,83.75
1678,33,1,48.9
1678,26,2,37.75
1679,8,3,118.03
1679,25,3,31.43
1679,18,3,110.74
1680,6,1,124.34
1680,8,2,172.77
1681,27,2,86.24
1682,22,3,188.69
1682,9,3,35.1
1682,43,3,188.11
1682,26,2,73.35
1683,35,3,31.2
1683,1,2,93.36
1684,23,1,120.52
1684,36,2,68.59
1685,6,2,190.11
1685,27,2,128.31
1685,10,3,184.86
1686,11,1,69.39
1686,3,3,14.33
1686,8,2,173.78
1686,14,3,89.2
1687,19,1,102.32
1687,5,2,50.11
1687,47,2,91.03
1687,45,2,119.52
1688,42,3,72.72
1688,28,2,125.49
1688,4,2,128.56
1688,11,2,78.78
1689,39,1,92.29
1689,14,3,197.87
1690,42,3,111.84
1690,33,1,172.17
1690,50,3,183.52
1690,13,2,73.3
1691,20,2,82.54
1691,45,2,127.48
1691,23,1,71.43
1692,16,2,137.4
1692,36,1,59.71
1692,46,3,157.08
1692,17,2,194.06
1693,2,3,128.75
1693,10,1,37.95
1693,5,2,177.49
1694,40,2,98.01
1694,20,3,59.12
1695,26,2,140.91
1695,4,1,170.33
1695,33,2,170.7
1695,13,2,120.33
1696,35,3,48.11
1696,10,1,159.62
1696,47,2,70.42
1697,44,2,159.15
1697,21,2,26.05
1697,23,1,160.12
1697,9,2,34.95
1698,17,1,181.0
1698,20,2,190.69
1698,33,2,102.34
1698,48,2,132.68
1699,45,2,58.37
1699,37,1,134.87
1700,42,2,125.27
1700,2,3,183.1
1700,43,3,65.14
1700,11,2,35.17
1701,7,3,38.38
1701,31,3,197.25
1701,30,2,34.21
1702,50,2,43.94
1702,21,2,83.52
1702,15,2,144.43
1703,11,1,110.44
1704,17,3,120.09
1705,43,3,16.51
1705,43,3,184.51
1706,33,2,135.7
1706,12,2,57.09
1707,7,3,147.56
1708,14,2,35.26
1709,47,2,38.35
1709,10,3,125.98
1710,44,1,121.82
1710,32,1,20.66
1710,13,2,110.73
1711,31,1,158.76
1712,22,1,97.36
1712,45,2,52.7
1713,9,3,107.23
1713,27,2,155.08
1714,33,3,107.92
1715,7,2,156.47
1715,50,2,161.86
1715,48,1,140.08
1716,37,3,193.49
1717,14,1,69.96
1717,16,2,140.97
1717,43,3,143.32
1717,48,1,37.77
1718,38,2,161.58
1718,6,2,187.86
1718,2,1,65.95
1718,9,1,71.08
1719,30,3,99.65
1719,50,3,62.4
1720,36,2,83.99
1720,13,1,186.88
1720,23,3,190.34
1720,9,3,164.9
1721,19,3,105.63
1722,27,1,84.33
1722,12,1,76.72
1723,20,1,73.49
1724,29,1,28.07
1724,24,2,155.43
1724,31,1,17.68
1725,32,3,109.13
1725,48,2,164.48
1725,34,1,97.35
1726,14,1,102.5
1727,9,3,194.74
1728,28,2,36.37
1729,35,2,171.25
1730,25,1,109.31
1730,4,2,24.77
1730,14,1,42.53
1731,39,1,79.75
1731,17,3,86.92
1731,7,1,118.86
1732,4,2,191.72
1733,44,3,106.71
1734,22,1,41.46
1735,8,1,189.99
1735,38,3,180.91
1735,46,1,136.03
1735,45,1,129.08
1736,39,1,160.52
1736,5,2,153.8
1736,13,3,95.22
1736,35,2,181.1
1737,45,1,66.53
1737,7,1,191.15
1738,8,2,30.78
1738,39,3,10.26
1738,32,2,199.5
1738,30,3,129.85
1739,3,2,175.76
1740,22,2,113.34
1740,42,3,190.7
1740,10,3,95.34
1740,20,2,95.99
1741,31,3,71.04
1742,37,2,145.05
1742,8,3,176.81
1743,23,1,69.24
1743,29,3,86.63
1744,13,1,116.39
1745,1,1,44.46
1746,36,3,119.6
1746,1,3,170.1
1747,9,2,174.52
1748,10,3,78.45
1748,37,3,166.1
1749,12,2,133.36
1749,48,2,127.1
1749,26,1,198.66
1750,28,3,33.19
1751,41,2,20.94
1751,18,2,113.66
1751,45,1,13.69
1751,43,3,51.57
1752,15,1,60.26
1752,5,1,121.96
1753,16,1,158.65
1753,18,3,79.88
1753,31,3,113.74
1754,16,2,10.6
1754,18,2,112.27
1754,13,1,182.49
1755,18,1,164.79
1756,17,2,10.52
1756,20,2,174.73
1757,10,1,138.33
1757,10,3,31.88
1757,22,3,165.16
1757,10,2,193.67
1758,9,3,32.18
1759,19,3,74.93
1759,34,3,140.57
1760,30,1,71.75
1760,34,1,134.1
1761,47,1,66.39
1761,6,2,191.3
1761,36,3,164.11
1761,31,2,111.2
1762,4,3,136.64
1763,47,3,194.2
1763,45,2,82.35
1763,7,1,91.85
1763,28,2,73.78
1764,44,1,138.74
1764,4,1,100.1
1764,17,3,175.63
1764,27,1,135.35
1765,50,3,91.24
1765,34,3,71.75
1765,4,1,66.94
1765,45,1,53.57
1766,1,3,17.65
1766,21,1,179.22
1767,46,2,168.22
1767,30,2,43.43
1767,36,3,56.65
1768,47,2,165.59
1768,45,2,189.84
1769,25,3,145.14
1770,41,2,178.22
1770,30,3,136.51
1770,27,2,97.0
1770,37,3,29.93
1771,7,1,126.78
1771,8,1,146.75
1772,20,2,83.13
1772,20,2,55.0
1772,4,3,185.17
1773,36,3,98.11
1773,32,2,63.94
1774,25,1,136.23
1775,2,1,13.62
1775,46,3,39.99
1775,35,3,196.81
1776,35,1,153.0
1776,5,2,136.51
1776,23,2,61.64
1776,18,2,44.8
1777,46,1,168.83
1778,41,2,129.52
1778,50,2,142.17
1779,33,2,73.42
1780,21,2,85.06
1780,1,2,194.52
1780,46,2,96.44
1780,12,3,193.75
1781,35,1,182.84
1782,6,2,29.4
1782,29,2,145.11
1783,37,1,163.05
1784,41,3,11.65
1784,14,2,72.84
1784,40,2,137.15
1784,49,2,142.58
1785,34,1,96.51
1786,42,1,75.61
1786,32,1,172.69
1786,39,2,144.85
1787,36,2,181.31
1787,43,3,189.95
1787,8,3,18.19
1787,37,3,58.58
1788,2,2,40.34
1789,6,3,129.08
1789,38,1,146.15
1789,48,2,109.6
1789,35,3,170.78
1790,29,3,77.91
1790,7,3,34.42
1790,5,3,139.39
1790,4,1,161.46
1791,15,2,106.57
1791,5,3,155.01
1791,31,1,119.91
1791,1,3,199.98
1792,38,2,37.56
1792,7,3,191.77
1792,22,3,184.48
1792,38,3,98.62
1793,8,3,114.92
1793,27,1,70.77
1794,17,2,195.31
1794,4,2,123.72
1794,22,1,62.7
1794,11,1,129.21
1795,16,1,23.8
1795,4,2,13.71
1796,9,1,195.28
1796,13,1,129.29
1796,42,1,188.45
1796,24,1,59.22
1797,35,1,198.87
1797,7,3,136.61
1797,45,2,46.95
1798,14,3,183.2
1799,27,3,49.77
1799,2,2,140.48
1799,14,2,120.93
1800,28,1,95.76
1800,28,1,40.75
1801,5,3,148.06
1801,32,2,23.99
1801,41,1,44.4
1802,27,1,63.54
1802,7,3,161.71
1802,17,3,68.82
1802,19,2,62.48
1803,22,3,50.31
1803,43,1,193.33
1804,1,3,133.08
1804,36,3,43.46
1804,11,2,126.9
1805,11,2,180.03
1805,18,3,40.09
1805,33,2,106.62
1805,9,3,195.13
1806,25,3,129.83
1806,48,3,16.64
1806,44,1,164.15
1807,2,2,143.02
1807,24,1,16.39
1807,42,3,51.13
1808,15,1,128.27
1809,2,2,103.42
1810,2,2,121.37
1811,8,2,39.0
1812,44,1,197.92
1812,16,2,19.36
1812,40,1,178.27
1812,41,3,108.57
1813,34,3,40.57
1814,12,3,196.62
1814,13,3,156.68
1814,21,1,151.17
1814,21,3,46.16
1815,9,3,147.3
1815,19,3,14.11
1815,43,1,174.0
1816,13,1,42.39
1816,23,1,147.14
1817,32,3,109.69
1817,24,1,163.89
1817,18,2,31.07
1817,41,3,196.99
1818,36,3,118.37
1818,47,2,163.98
1818,41,1,95.66
1819,14,1,135.25
1819,26,3,21.24
1820,39,2,165.77
1820,18,1,12.04
1820,14,3,166.37
1821,39,1,12.14
1821,7,3,104.8
1822,45,3,52.69
1822,49,2,177.96
1822,36,2,119.47
1823,40,1,57.04
1824,9,3,42.79
1824,9,1,160.36
1824,46,1,102.67
1825,35,1,105.94
1826,12,1,145.38
1826,13,2,143.06
1826,2,2,114.21
1827,13,1,133.87
1827,33,1,114.26
1827,26,3,60.66
1828,34,3,145.23
1829,14,1,159.95
1830,24,2,151.3
1831,48,3,12.44
1831,30,3,74.07
1831,13,3,73.88
1831,13,3,62.37
1832,19,1,145.81
1832,35,3,71.41
1833,14,1,161.68
1833,11,1,161.94
1833,4,1,18.36
1833,5,1,114.96
1834,7,2,102.5
1834,10,3,144.22
1834,42,2,41.75
1834,9,2,75.53
1835,35,2,194.39
1835,48,1,97.71
1835,29,3,165.01
1835,21,3,16.26
1836,13,1,86.82
1836,12,2,135.84
1836,6,1,135.2
1837,41,2,20.27
1837,31,3,130.18
1838,4,2,96.07
1838,33,2,167.6
1838,23,2,115.92
1839,4,2,188.15
1839,33,3,38.31
1840,5,1,63.54
1840,39,3,194.57
1840,24,1,128.95
1840,20,3,71.42
1841,41,2,114.11
1841,6,2,138.15
1841,25,1,61.17
1841,44,3,173.89
1842,10,3,131.43
1842,9,1,151.59
1842,30,2,185.42
1843,6,3,157.06
1843,22,3,114.86
1843,29,2,170.47
1844,35,1,100.29
1844,19,2,91.5
1845,21,1,169.24
1845,41,1,38.99
1846,13,1,171.11
1846,7,2,196.2
1846,10,1,190.17
1847,29,1,194.8
1848,34,3,187.41
1848,14,1,181.17
1848,24,1,149.23
1849,49,2,78.6
1849,41,3,199.45
1850,45,3,52.36
1851,49,1,125.41
1852,6,3,46.39
1852,13,1,31.81
1853,31,1,171.44
1853,2,2,123.31
1854,48,3,113.46
1854,44,2,183.67
1854,16,3,23.12
1855,5,2,160.68
1856,14,3,181.89
1856,29,2,175.27
1857,30,1,112.13
1858,27,2,167.99
1858,32,1,78.69
1858,3,1,106.39
1858,25,2,185.45
1859,5,2,104.55
1860,42,1,13.46
1861,12,2,75.47
1861,28,1,182.45
1861,32,1,114.85
1862,5,3,173.69
1862,26,2,118.96
1863,16,1,47.61
1863,21,2,146.37
1863,43,2,187.99
1863,36,2,20.03
1864,27,2,137.25
1865,35,3,71.28
1865,30,1,54.24
1866,30,2,44.11
1866,43,1,69.41
1866,17,1,31.4
1866,24,2,98.71
1867,9,2,136.57
1867,38,1,21.29
1867,42,3,42.47
1867,41,1,177.8
1868,23,1,29.17
1868,32,1,37.95
1868,24,2,119.62
1869,10,2,171.62
1869,17,3,161.69
1869,28,2,103.16
1869,24,1,174.69
1870,37,3,121.17
1870,15,1,121.67
1871,35,1,32.87
1871,4,1,178.76
1872,22,2,158.12
1872,49,1,77.53
1872,22,2,194.53
1872,34,1,55.74
1873,39,1,171.88
1874,49,2,43.29
1874,41,3,43.84
1874,9,3,50.54
1875,37,3,67.03
1875,18,3,29.53
1875,18,3,188.93
1876,39,1,99.38
1876,29,1,23.58
1876,30,1,190.54
1877,44,3,13.34
1877,18,1,160.41
1877,6,3,124.65
1877,9,2,180.11
1878,16,2,63.87
1878,14,1,90.01
1879,2,3,174.78
1879,39,2,24.32
1879,26,2,185.64
1880,2,1,85.55
1880,13,1,183.91
1881,37,1,65.96
1881,15,3,77.49
1882,50,2,100.63
1882,8,3,46.86
1882,41,1,32.22
1883,25,1,174.92
1884,42,2,163.96
1884,24,3,90.7
1884,5,3,61.46
1885,9,2,43.94
1885,50,2,55.58
1885,6,2,184.03
1885,49,3,192.87
1886,38,1,170.98
1887,14,1,147.0
1887,2,2,137.42
1887,44,1,81.11
1888,15,2,102.99
1888,2,3,194.06
1888,4,3,74.92
1889,25,2,63.31
1890,33,1,189.02
1890,30,2,169.92
1891,35,2,51.33
1892,48,1,179.27
1892,36,1,98.59
1892,4,3,21.57
1893,40,2,128.02
1893,30,1,64.83
1893,26,1,54.4
1893,45,3,148.89
1894,49,1,150.71
1894,44,1,47.89
1894,42,1,108.29
1894,3,2,75.83
1895,18,3,30.69
1896,29,1,173.35
1896,44,1,95.84
1897,44,2,84.76
1897,46,1,18.92
1897,47,3,44.47
1898,31,1,108.91
1899,23,1,43.29
1899,5,1,86.0
1899,41,1,159.37
1900,41,2,195.32
1900,19,1,70.01
1900,33,2,19.44
1900,16,3,72.97
1901,38,1,85.71
1901,14,3,93.8
1901,22,1,172.76
1901,1,1,65.43
1902,2,3,65.91
1902,49,1,116.31
1903,5,1,129.22
1903,1,1,169.51
1903,15,1,22.02
1904,23,3,84.49
1905,1,1,141.68
1906,40,2,199.53
1906,20,3,196.48
1906,12,2,79.47
1906,1,3,51.13
1907,21,1,108.89
1907,41,2,163.52
1908,6,1,77.39
1909,26,2,189.62
1910,36,1,183.09
1910,30,3,144.34
1910,22,3,137.15
1911,4,3,83.52
1911,48,3,41.69
1911,21,2,136.58
1912,21,1,58.45
1912,37,3,167.76
1913,34,1,40.61
1913,21,2,178.88
1913,35,3,164.56
1913,42,3,73.22
1914,37,3,107.43
1915,24,2,10.51
1915,29,2,68.98
1916,31,3,109.42
1916,33,1,89.09
1916,20,1,176.44
1916,2,2,199.93
1917,7,3,23.31
1917,50,3,84.05
1917,41,2,47.06
1918,38,1,160.42
1918,37,1,29.76
1918,39,2,187.57
1918,4,2,31.1
1919,4,1,181.06
1919,44,3,131.85
1919,34,2,31.3
1920,24,2,107.97
1920,29,3,109.01
1920,14,2,106.75
1921,24,1,87.64
1921,42,1,154.05
1921,12,1,74.85
1921,27,2,131.16
1922,49,2,192.85
1923,17,2,157.49
1923,47,3,129.18
1923,27,1,92.91
1923,29,1,143.05
1924,29,3,107.53
1924,48,2,196.91
1924,25,3,149.65
1925,12,2,191.53
1925,41,1,114.0
1926,39,2,55.35
1927,42,3,134.05
1927,18,1,55.96
1927,36,1,186.76
1928,37,3,165.39
1928,27,3,142.84
1928,11,1,148.95
1929,41,3,93.97
1930,39,1,189.21
1930,47,3,189.52
1930,17,3,157.76
1930,34,2,44.11
1931,25,3,42.12
1931,19,1,140.69
1931,15,2,49.89
1932,5,3,104.09
1933,5,3,75.75
1933,50,1,75.91
1934,16,1,187.04
1935,6,2,185.66
1935,32,1,172.79
1936,49,2,120.64
1936,1,2,183.58
1937,14,1,197.24
1937,26,2,91.43
1938,2,3,155.34
1938,45,3,179.03
1938,38,1,184.24
1939,24,1,143.28
1940,26,3,197.64
1941,10,2,128.82
1942,11,3,93.74
1943,39,2,89.9
1943,39,2,124.73
1943,27,1,184.92
1944,45,1,92.52
1945,35,3,178.72
1946,31,3,76.13
1946,3,2,44.45
1946,42,1,157.99
1947,19,2,180.99
1947,26,1,158.75
1948,2,1,100.07
1948,36,1,161.96
1948,11,3,144.06
1949,20,3,81.15
1950,50,2,103.56
1950,43,1,192.73
1951,7,1,102.34
1952,47,3,89.39
1952,9,3,110.47
1952,41,1,193.98
1953,36,2,170.99
1953,49,2,199.1
1953,15,1,84.18
1953,34,1,130.73
1954,2,1,148.25
1954,12,2,40.89
1954,24,3,179.26
1955,28,1,59.92
1956,7,2,49.92
1956,25,2,184.88
1956,33,1,121.53
1956,22,1,79.64
1957,28,1,146.47
1957,27,1,159.91
1957,48,2,185.09
1957,12,2,120.04
1958,17,3,175.46
1958,12,3,26.3
1959,42,1,191.71
1959,36,3,110.18
1959,44,1,40.76
1960,11,1,183.0
1961,21,3,199.77
1962,33,2,61.17
1962,47,3,176.81
1962,16,1,172.92
1962,20,2,164.01
1963,47,3,25.64
1963,30,3,180.54
1963,24,1,104.67
1964,32,1,186.75
1964,24,2,184.47
1965,17,2,70.31
1965,44,1,164.36
1966,8,2,97.88
1966,1,1,14.56
1967,27,1,54.19
1967,20,3,105.13
1968,23,2,26.59
1968,9,2,81.38
1968,3,2,68.46
1968,34,2,42.85
1969,42,3,106.68
1969,18,3,167.73
1969,19,1,76.34
1970,2,2,115.7
1971,36,1,146.14
1971,21,1,41.36
1972,24,3,64.45
1973,45,3,22.13
1974,30,2,33.96
1974,12,2,48.36
1974,27,3,53.22
1975,32,3,111.8
1976,6,1,10.76
1976,10,1,104.28
1976,42,2,74.74
1976,21,3,174.46
1977,26,3,75.83
1977,1,3,145.05
1977,41,3,87.4
1977,16,1,185.24
1978,41,1,45.15
1978,13,3,60.08
1979,41,1,50.95
1979,16,1,94.05
1980,35,1,13.88
1980,24,2,154.87
1980,9,2,90.3
1981,7,1,119.83
1981,30,3,101.41
1981,36,1,36.18
1981,23,2,101.1
1982,49,1,150.58
1983,43,2,119.74
1983,17,1,95.57
1984,27,1,174.03
1984,38,1,53.79
1985,47,3,18.5
1985,39,2,154.54
1985,21,3,41.9
1986,17,1,160.72
1987,45,2,112.7
1987,18,1,115.2
1987,9,2,183.04
1987,13,3,131.11
1988,32,1,188.44
1989,5,1,120.21
1990,37,3,159.13
1991,23,1,154.91
1992,44,3,196.62
1992,13,3,112.25
1992,17,3,55.17
1993,16,1,92.5
1993,18,1,185.4
1993,45,2,187.35
1993,46,1,118.7
1994,1,1,107.85
1994,12,1,116.37
1995,38,3,69.27
1995,35,2,166.62
1995,2,2,174.87
1996,32,3,104.65
1996,11,2,150.07
1997,12,3,145.06
1997,18,1,170.92
1997,24,2,160.67
1998,6,2,75.96
1998,39,3,16.71
1998,16,1,132.82
1999,5,1,107.67
2000,43,3,88.97
2000,45,2,133.97
2000,11,2,99.39
2001,33,3,130.92
2001,1,2,31.79
2001,11,3,13.22
2002,38,3,72.51
2002,13,2,156.4
2002,38,1,190.72
2003,44,1,137.3
2003,24,2,84.0
2003,29,2,63.83
2003,34,3,77.88
2004,22,1,184.41
2004,3,2,40.12
2004,21,1,184.32
2005,49,1,61.93
2005,42,3,93.25
2005,18,1,197.66
2006,10,1,97.68
2006,13,3,45.15
2007,25,2,98.54
2007,31,3,27.89
2007,39,1,113.32
2008,42,1,102.97
2009,14,3,164.99
2009,36,2,164.55
2009,33,1,16.77
2010,32,3,43.28
2010,23,3,183.29
2010,22,2,47.47
2010,33,3,150.84
2011,49,3,49.63
2011,48,3,103.96
2012,33,1,21.93
2012,10,3,37.84
2012,43,2,64.38
2013,8,3,54.63
2014,31,2,52.52
2015,20,2,110.04
2016,33,1,106.1
2016,6,3,119.47
2016,43,2,136.51
2017,25,3,117.82
2017,13,3,50.76
2017,28,1,198.3
2018,30,1,19.65
2018,18,2,189.38
2019,35,2,111.03
2019,10,1,73.55
2019,44,3,181.03
2020,49,2,67.41
2021,6,2,143.49
2021,1,1,181.79
2021,24,2,43.32
2021,37,1,195.62
2022,35,2,89.79
2022,42,2,171.9
2022,46,3,121.91
2023,11,3,134.13
2023,9,1,166.03
2023,15,3,74.09
2024,5,2,156.06
2024,15,3,74.39
2025,45,1,154.69
2025,21,2,124.58
2025,49,3,69.33
2026,10,2,164.3
2026,31,1,21.68
2026,46,3,34.81
2026,24,3,139.32
2027,26,2,161.3
2027,3,2,153.49
2027,46,2,142.73
2028,39,1,174.86
2028,29,3,190.95
2028,44,2,41.76
2029,45,1,127.91
2030,28,1,44.73
2031,26,2,79.32
2031,17,3,128.15
2031,43,2,153.86
2032,15,3,46.97
2032,9,2,61.92
2032,23,1,152.37
2033,32,1,46.21
2033,33,1,116.8
2034,14,3,121.55
2034,30,3,126.05
2034,45,3,149.92
2034,24,1,198.88
2035,43,2,175.32
2035,7,3,188.29
2036,49,1,179.47
2036,41,1,161.49
2036,44,1,76.64
2037,50,1,105.27
2037,38,3,151.59
2037,2,1,129.75
2038,12,2,97.93
2038,38,2,12.26
2038,49,1,185.52
2038,21,2,15.15
2039,36,3,160.64
2039,11,3,81.23
2039,37,1,49.46
2039,3,2,189.85
2040,7,3,108.36
2040,43,1,154.44
2040,44,1,93.69
2041,14,2,139.07
2042,20,2,139.92
2042,28,3,114.78
2042,13,3,91.84
2043,1,2,30.87
2043,18,2,52.44
2043,8,2,199.38
2043,40,1,24.53
2044,36,1,167.28
2044,25,2,121.78
2044,36,1,105.7
2045,50,2,140.43
2045,43,1,85.47
2045,49,2,97.36
2046,47,3,85.71
2046,40,2,28.05
2046,30,3,105.88
2046,5,1,53.5
2047,39,3,43.67
2048,1,3,161.49
2048,11,3,178.89
2048,48,3,69.66
2048,49,3,114.88
2049,37,1,106.98
2050,33,1,194.95
2050,31,1,136.14
2050,5,3,21.34
2051,50,3,58.48
2051,3,3,25.07
2052,49,3,79.64
2052,10,1,52.46
2053,3,3,139.76
2053,36,2,153.23
2053,38,3,156.32
2053,27,2,150.1
2054,46,3,117.15
2055,40,3,155.49
2055,5,1,136.74
2056,48,1,39.51
2057,5,3,153.23
2058,50,3,164.1
2058,50,1,112.78
2058,1,3,159.61
2059,16,1,180.13
2059,23,2,186.69
2060,47,1,36.83
2060,33,1,149.78
2060,6,2,156.08
2061,48,2,110.61
2061,4,1,162.01
2061,16,3,144.15
2062,24,2,20.41
2062,15,1,56.57
2062,28,2,107.36
2063,23,1,119.85
2063,36,1,66.2
2064,14,2,75.79
2064,34,1,66.3
2064,32,2,98.8
2064,43,3,160.02
2065,13,1,15.24
2065,29,3,10.19
2065,10,1,137.59
2065,17,2,136.17
2066,26,3,23.02
2066,5,1,56.58
2066,28,2,72.53
2066,35,3,184.13
2067,39,3,36.89
2068,10,1,196.73
2068,9,3,150.4
2068,13,2,88.54
2069,42,1,112.1
2070,22,3,113.48
2070,21,2,184.37
2070,24,2,157.41
2071,15,1,94.92
2072,9,1,184.37
2072,4,2,87.49
2072,6,2,59.75
2072,8,2,140.29
2073,19,2,148.3
2074,44,2,170.79
2074,8,3,95.86
2074,8,3,64.16
2074,11,2,95.84
2075,45,1,183.79
2075,49,1,113.17
2075,16,3,95.32
2075,23,3,27.96
2076,37,1,179.51
2076,40,1,123.55
2076,29,1,99.21
2076,50,2,141.05
2077,25,1,188.91
2077,33,1,170.94
2077,9,3,23.09
2077,9,2,64.5
2078,13,2,27.75
2078,9,3,18.15
2078,4,2,40.84
2078,9,3,103.63
2079,18,2,165.62
2080,15,3,39.8
2080,48,2,88.54
2081,37,2,44.89
2081,18,1,43.01
2082,21,1,54.54
2082,24,3,129.52
2083,2,2,45.38
2083,15,1,17.05
2083,36,3,130.47
2084,35,3,118.59
2084,13,3,148.5
2085,42,3,12.17
2086,36,3,198.76
2087,18,2,55.43
2088,19,1,199.4
2088,30,2,126.38
2088,43,1,148.08
2088,8,2,33.67
2089,8,3,131.2
2089,32,3,66.05
2090,2,2,191.61
2090,33,3,117.81
2091,39,1,163.76
2092,44,3,159.62
2092,30,1,87.36
2092,18,2,87.95
2092,6,2,61.77
2093,30,1,91.26
2094,50,1,180.79
2094,30,2,67.39
2095,47,3,61.59
2095,26,1,104.5
2095,12,2,22.62
2096,21,3,85.73
2097,35,3,144.74
2097,15,1,166.41
2097,10,1,79.8
2098,40,3,171.54
2099,43,2,47.43
2099,47,1,57.01
2100,44,3,57.29
2100,16,2,26.05
2100,25,1,156.6
2101,47,3,159.6
2102,40,2,164.76
2102,45,1,46.29
2103,21,1,170.29
2103,6,3,123.38
2104,4,1,169.73
2104,10,3,55.3
2105,4,2,165.83
2105,6,1,28.7
2105,15,3,161.32
2106,35,3,133.13
2106,17,1,75.54
2107,45,3,10.69
2107,10,1,50.8
2107,33,2,56.07
2107,47,2,89.69
2108,46,3,149.65
2108,48,1,135.54
2108,44,2,151.46
2108,35,1,52.77
2109,9,3,124.32
2109,45,2,172.4
2109,31,1,48.29
2110,6,2,47.94
2110,19,1,46.99
2110,4,2,56.13
2111,41,1,135.88
2112,37,2,52.43
2113,35,2,25.56
2114,29,1,159.67
2114,21,3,27.04
2114,23,3,10.87
2114,1,3,128.5
2115,44,2,167.4
2115,5,1,172.58
2115,1,2,151.34
2116,8,2,140.85
2116,15,3,78.1
2117,43,3,179.02
2117,16,2,108.46
2117,9,2,129.78
2117,18,1,37.58
2118,30,3,37.01
2119,44,2,35.21
2119,24,1,143.22
2120,33,1,186.46
2120,38,1,125.39
2121,11,1,27.87
2122,41,2,78.17
2122,26,2,168.7
2122,40,2,148.9
2123,30,1,181.25
2123,36,3,92.35
2123,18,3,96.35
2123,2,3,137.26
2124,49,3,39.09
2124,30,3,175.02
2124,29,1,147.12
2124,12,1,33.24
2125,6,3,141.11
2126,45,1,24.44
2126,44,1,133.25
2126,13,2,132.33
2127,28,2,57.53
2127,46,1,85.36
2127,8,3,27.43
2127,37,3,169.53
2128,30,1,46.68
2128,19,2,114.4
2128,28,1,144.29
2129,11,2,59.53
2130,23,2,179.6
2130,11,2,119.13
2131,49,3,70.73
2132,23,1,70.58
2132,16,1,143.55
2132,29,3,101.36
2133,49,2,188.46
2134,38,1,145.92
2134,45,2,187.99
2134,47,1,180.61
2134,46,1,156.73
2135,8,3,51.19
2135,5,3,69.45
2136,7,1,150.42
2136,28,1,40.78
2136,6,1,24.74
2137,47,1,136.7
2137,3,1,100.09
2137,10,1,30.33
2137,43,2,54.08
2138,49,2,76.99
2139,42,1,31.76
2140,10,1,100.64
2140,19,3,64.97
2140,47,1,52.09
2141,46,3,25.37
2141,11,3,11.55
2142,8,2,32.81
2142,36,1,133.44
2142,3,1,74.92
2142,50,3,45.7
2143,33,1,92.18
2143,15,2,36.38
2143,28,1,121.89
2143,18,2,104.73
2144,50,3,187.3
2145,34,3,118.69
2145,25,2,88.0
2145,37,3,181.95
2145,14,3,101.81
2146,41,2,37.01
2146,39,3,24.01
2147,5,3,181.26
2147,45,3,135.23
2148,41,2,35.25
2148,42,2,97.77
2149,35,3,55.57
2149,1,1,123.22
2149,3,1,21.07
2150,38,2,116.54
2150,49,3,48.86
2150,39,1,126.22
2150,33,1,131.44
2151,16,3,53.91
2151,44,3,33.43
2151,46,3,150.88
2152,12,3,160.13
2152,37,3,184.93
2153,47,2,10.57
2153,48,2,72.89
2153,43,2,71.01
2154,4,3,96.31
2154,18,3,172.42
2154,38,3,132.94
2155,35,2,28.97
2156,40,1,186.49
2157,1,2,115.54
2157,9,1,87.93
2157,37,2,141.02
2158,20,2,151.67
2159,28,3,129.89
2159,44,1,85.29
2159,34,2,150.6
2160,2,1,191.58
2160,26,1,113.22
2160,21,2,20.44
2160,24,3,148.15
2161,11,3,40.39
2162,28,1,70.02
2162,6,2,116.53
2162,34,1,64.46
2162,6,2,102.69
2163,36,3,167.09
2164,12,1,116.04
2165,33,3,194.65
2166,5,3,60.58
2166,37,3,84.17
2166,34,2,25.68
2166,19,1,33.09
2167,19,1,107.33
2167,49,2,155.69
2167,26,3,26.37
2167,20,3,133.32
2168,26,2,31.13
2168,12,1,193.66
2169,16,1,55.26
2170,40,3,148.17
2170,10,2,159.01
2170,30,1,111.75
2171,30,2,41.8
2172,24,2,102.73
2172,13,1,180.76
2173,4,3,161.49
2173,43,1,132.61
2174,5,1,151.34
2174,32,2,166.08
2175,4,3,192.13
2175,3,1,116.7
2175,10,3,23.68
2176,10,3,169.71
2176,7,1,54.91
2176,26,1,143.47
2177,40,2,104.39
2177,39,3,22.23
2178,11,2,35.35
2178,49,2,150.16
2178,16,1,185.91
2179,9,1,170.66
2180,39,2,165.07
2180,23,1,129.75
2180,48,1,20.68
2181,19,3,92.46
2181,41,2,133.94
2181,30,2,56.62
2181,38,2,162.83
2182,36,3,15.31
2182,48,1,22.4
2182,41,1,20.98
2182,8,2,96.11
2183,46,3,70.84
2183,45,2,195.11
2183,5,2,107.67
2183,19,2,174.57
2184,44,2,122.95
2184,48,1,64.43
2185,3,1,77.81
2185,15,1,131.93
2185,46,1,165.81
2185,32,1,91.88
2186,13,3,145.73
2186,49,3,165.21
2186,12,1,158.95
2186,36,2,22.76
2187,38,2,141.71
2187,34,1,79.73
2188,2,1,179.13
2188,31,1,183.64
2188,5,1,121.32
2189,18,3,181.06
2189,35,2,172.9
2190,31,1,132.49
2190,36,2,121.74
2190,20,2,72.03
2191,31,1,173.1
2192,41,2,184.25
2192,20,3,54.63
2192,47,3,10.87
2192,50,2,196.59
2193,9,3,192.08
2193,35,3,92.45
2194,34,2,196.69
2194,9,2,171.0
2194,26,1,49.75
2195,26,3,61.88
2195,42,1,66.51
2195,10,2,80.37
2195,31,3,163.38
2196,43,2,136.9
2196,2,1,84.15
2196,35,3,66.23
2197,32,3,196.06
2198,35,1,170.49
2198,34,2,63.26
2199,40,1,108.43
2200,15,2,185.13
2200,8,1,80.24
2201,13,2,104.11
2201,33,3,180.35
2202,38,1,88.72
2203,3,2,56.93
2203,28,2,113.71
2204,37,2,51.58
2205,41,3,62.47
2205,33,1,104.14
2205,30,1,128.75
2205,29,1,91.94
2206,19,3,130.07
2206,16,2,97.81
2206,46,1,48.97
2207,35,3,179.32
2208,49,2,154.26
2208,22,2,23.69
2208,43,1,139.16
2209,9,2,130.74
2209,3,1,129.08
2209,33,3,113.52
2209,32,2,79.64
2210,36,2,167.65
2210,41,1,117.12
2210,15,1,166.73
2211,8,3,197.8
2212,48,1,32.61
2212,18,3,64.38
2213,16,2,142.47
2214,32,3,107.67
2214,32,1,53.98
2214,17,1,110.33
2215,23,3,92.77
2215,25,1,144.33
2215,30,1,120.05
2215,29,2,12.74
2216,47,1,61.03
2216,34,1,152.45
2216,28,1,107.92
2217,16,2,39.52
2217,44,3,118.82
2217,26,1,123.59
2217,44,2,52.38
2218,41,3,106.13
2219,45,2,146.51
2219,15,1,128.84
2219,33,2,21.69
2219,32,2,150.12
2220,1,2,36.26
2220,35,1,188.79
2221,50,3,136.05
2222,3,1,26.29
2223,45,3,127.28
2223,5,2,145.31
2223,28,2,193.98
2224,42,3,67.57
2224,5,2,33.26
2224,21,3,10.78
2225,21,1,47.34
2225,47,3,25.3
2225,7,2,158.75
2226,23,3,34.25
2226,9,1,186.3
2227,25,2,106.65
2228,45,3,134.82
2228,38,3,184.19
2229,5,2,186.89
2229,10,3,169.69
2229,27,3,181.32
2229,11,1,22.76
2230,5,3,118.73
2231,24,3,21.39
2231,12,3,60.48
2232,38,1,55.45
2232,23,2,173.28
2233,38,1,54.14
2233,14,2,125.78
2234,37,1,115.78
2234,22,3,119.32
2234,19,3,115.12
2235,44,1,168.83
2236,19,1,195.25
2236,13,3,39.93
2236,35,3,68.85
2237,40,1,46.55
2238,29,1,156.22
2238,31,3,199.62
2239,41,2,111.48
2239,16,1,163.64
2239,21,1,82.83
2239,14,3,109.67
2240,31,2,74.5
2240,12,1,149.49
2240,12,1,67.31
2241,2,3,155.93
2242,21,3,177.91
2242,37,1,16.5
2242,45,2,157.15
2243,35,3,196.09
2243,12,3,174.24
2243,43,3,148.57
2243,38,1,60.17
2244,19,3,166.18
2244,41,3,181.03
2244,31,3,167.43
2245,7,3,149.64
2245,21,1,121.03
2245,6,3,65.94
2245,25,3,99.07
2246,49,2,109.29
2246,29,3,194.72
2247,41,3,137.93
2247,3,3,163.33
2248,11,2,160.32
2249,39,1,125.07
2249,25,3,60.02
2249,40,3,83.27
2249,36,3,13.23
2250,23,2,47.51
2250,33,1,17.5
2250,35,1,78.05
2251,31,1,75.03
2252,25,1,81.44
2252,10,3,91.85
2252,35,1,68.57
2252,46,1,83.73
2253,26,1,186.84
2253,13,3,138.15
2253,41,1,48.05
2253,15,2,109.92
2254,30,3,42.86
2254,14,1,105.27
2255,47,2,48.7
2255,21,1,16.11
2255,1,2,53.18
2256,13,2,13.99
2256,41,3,97.88
2256,2,1,142.77
2257,11,1,28.96
2257,31,2,22.61
2258,49,3,24.83
2259,37,2,118.93
2259,44,3,63.63
2260,44,1,65.59
2260,39,3,148.0
2261,3,2,134.77
2261,46,3,39.65
2261,5,3,178.31
2261,42,3,100.29
2262,38,1,94.73
2262,21,3,128.92
2263,22,1,96.75
2264,41,2,92.54
2264,22,2,94.85
2265,21,2,108.09
2266,29,2,109.23
2266,2,3,177.33
2266,13,3,166.6
2266,8,2,94.27
2267,3,2,170.44
2267,13,3,98.41
2267,46,2,12.54
2267,33,2,17.59
2268,1,3,75.47
2268,15,1,87.72
2268,44,2,192.89
2268,19,1,183.53
2269,38,1,176.42
2269,18,2,134.47
2270,2,1,118.37
2270,7,3,73.29
2270,21,1,91.96
2270,12,3,121.73
2271,4,2,120.6
2271,3,1,162.24
2272,33,3,46.48
2272,6,1,84.58
2272,18,1,142.88
2272,28,1,49.5
2273,36,1,35.24
2273,1,3,37.57
2273,4,2,19.45
2273,3,2,191.73
2274,4,2,191.98
2274,2,2,77.73
2274,22,3,111.07
2275,38,1,141.28
2275,11,2,199.97
2275,2,1,91.48
2276,37,3,106.65
2276,20,1,49.92
2277,43,1,82.28
2278,11,1,16.06
2278,38,3,175.99
2278,39,3,61.17
2279,42,2,74.51
2279,17,3,105.55
2279,42,2,85.99
2279,37,1,129.74
2280,42,3,14.05
2280,40,2,41.15
2280,29,1,35.06
2281,23,1,122.27
2281,1,1,96.39
2281,16,2,73.93
2281,3,2,97.41
2282,31,1,34.5
2282,1,1,127.22
2282,44,3,183.49
2282,7,2,123.55
2283,3,2,140.27
2284,38,2,163.54
2285,12,2,96.34
2285,46,3,180.71
2286,30,1,193.49
2286,22,3,52.4
2286,8,2,116.17
2287,46,2,47.49
2287,19,2,158.52
2287,43,1,40.29
2288,37,3,101.74
2288,38,3,32.8
2288,26,2,62.2
2289,23,3,149.17
2289,12,3,61.98
2290,47,2,157.29
2290,46,1,186.58
2291,16,2,52.8
2291,11,3,86.0
2292,25,2,178.81
2293,8,3,172.3
2293,35,2,147.79
2294,1,1,53.76
2294,50,2,162.18
2295,10,3,199.53
2296,5,1,177.77
2297,45,3,26.5
2298,1,1,157.59
2298,3,1,147.88
2298,44,1,168.89
2299,50,2,130.73
2300,48,3,172.85
2300,50,3,108.58
2300,48,3,131.52
2301,24,1,43.88
2301,31,1,169.05
2301,43,3,26.74
2302,8,2,118.25
2303,42,3,163.47
2304,50,3,136.42
2305,42,2,105.69
2305,24,3,170.45
2305,11,2,175.14
2306,4,3,126.16
2306,12,2,116.48
2306,16,3,128.02
2306,42,1,77.62
2307,25,3,118.92
2307,47,2,42.11
2308,50,2,121.11
2308,48,1,162.84
2309,15,3,102.89
2309,27,2,137.07
2310,22,3,106.18
2310,18,1,39.3
2310,4,2,149.42
2310,45,2,62.58
2311,12,3,132.67
2311,9,3,98.98
2311,20,3,83.46
2312,22,2,76.26
2312,49,1,186.33
2312,35,2,177.74
2312,48,2,165.92
2313,42,1,137.16
2313,35,3,30.32
2313,34,3,72.71
2314,33,3,182.68
2314,45,2,197.67
2314,23,1,40.51
2315,29,2,19.58
2315,39,1,38.16
2315,11,2,152.48
2315,11,3,41.06
2316,27,1,23.22
2316,28,3,95.61
2316,42,1,18.97
2317,1,1,75.73
2318,14,3,40.8
2319,14,3,178.05
2319,5,1,114.73
2319,16,3,101.94
2319,21,3,28.01
2320,29,1,10.21
2320,42,3,70.17
2321,33,2,174.45
2322,44,1,103.05
2322,26,1,76.46
2322,49,3,32.04
2322,30,2,135.4
2323,50,2,118.33
2323,4,2,29.29
2323,41,3,143.49
2323,16,3,137.38
2324,2,1,190.21
2324,4,3,62.51
2325,8,1,196.02
2326,5,1,18.61
2326,5,1,30.65
2326,22,2,178.96
2326,37,3,161.61
2327,21,2,81.81
2327,4,3,161.84
2327,19,3,45.44
2328,5,1,57.59
2328,10,2,95.17
2328,7,3,168.03
2328,42,1,131.64
2329,13,2,145.57
2329,21,3,120.16
2329,4,2,82.19
2330,17,1,167.27
2330,24,2,119.9
2331,29,3,141.99
2332,9,3,98.61
2332,15,2,153.25
2333,41,3,145.54
2334,17,2,189.91
2334,39,1,144.07
2334,38,2,14.92
2335,29,1,121.64
2335,38,3,184.01
2335,47,2,23.61
2336,24,3,90.03
2336,41,2,156.9
2336,15,3,87.93
2337,33,2,133.72
2338,3,1,111.45
2338,16,3,134.74
2338,49,3,31.89
2339,47,2,162.92
2339,36,2,154.55
2339,40,2,96.35
2339,28,1,46.5
2340,32,1,126.87
2341,49,3,95.1
2341,30,1,196.1
2341,38,3,181.29
2341,36,1,86.4
2342,38,3,132.85
2342,1,2,183.09
2343,21,2,93.5
2343,41,2,29.06
2344,35,2,167.56
2344,9,1,86.78
2345,33,1,183.4
2346,48,3,138.04
2346,37,2,129.48
2346,7,2,110.62
2347,15,2,163.8
2348,15,1,140.58
2348,5,1,176.4
2348,46,3,173.3
2348,10,2,147.51
2349,32,3,112.71
2350,2,2,53.86
2350,17,2,173.3
2350,17,2,105.4
2351,12,2,123.51
2351,37,2,16.48
2351,26,1,24.48
2351,22,1,163.64
2352,39,2,141.58
2353,41,2,57.33
2353,18,3,191.73
2353,8,2,124.1
2354,40,3,120.91
2354,12,2,68.08
2355,40,1,51.07
2355,34,3,169.56
2355,20,3,129.43
2355,30,1,189.94
2356,25,1,144.49
2356,38,1,193.45
2357,7,3,82.68
2357,26,2,138.14
2357,24,3,184.54
2358,15,1,42.59
2358,2,3,79.24
2358,21,1,28.61
2359,33,2,93.79
2359,5,3,136.42
2359,25,2,13.92
2359,36,3,156.35
2360,15,3,92.87
2360,44,3,154.18
2360,6,1,187.32
2360,32,2,36.95
2361,12,3,143.13
2361,37,3,10.87
2361,37,2,88.04
2362,14,1,110.93
2362,26,3,93.79
2363,30,3,72.77
2363,13,1,82.71
2364,50,3,21.34
2365,12,2,79.6
2365,12,3,116.46
2365,26,1,153.68
2366,22,3,87.8
2366,28,3,181.0
2367,39,2,105.36
2367,31,1,103.96
2367,5,3,118.28
2367,13,1,108.41
2368,37,2,74.44
2369,34,2,108.72
2369,46,1,133.39
2370,41,2,54.76
2370,26,3,121.2
2370,30,1,16.38
2371,42,3,58.4
2371,18,1,75.37
2371,38,1,39.34
2372,3,2,144.62
2372,50,1,199.41
2372,19,1,69.76
2373,26,3,27.69
2374,35,3,120.36
2374,14,2,16.87
2375,48,1,19.36
2375,37,1,62.31
2375,18,2,75.56
2375,33,2,177.67
2376,11,1,31.47
2376,26,3,43.8
2376,22,1,178.13
2377,26,1,198.13
2377,11,3,139.85
2378,30,2,118.67
2378,13,2,94.39
2379,37,2,94.17
2380,14,2,93.56
2380,49,1,125.34
2381,10,1,99.53
2381,14,1,156.97
2382,31,2,48.31
2382,48,3,196.29
2383,38,1,69.66
2383,7,2,171.65
2383,18,1,171.74
2384,1,1,187.38
2384,32,3,130.06
2384,41,3,133.11
2385,2,2,191.73
2386,3,2,171.7
2386,22,1,98.81
2386,47,1,169.23
2387,3,2,160.23
2387,13,3,111.89
2387,17,1,56.5
2387,32,1,169.66
2388,1,2,113.12
2388,24,3,99.27
2388,21,2,194.74
2388,38,1,84.52
2389,42,2,171.7
2389,39,3,150.08
2390,26,2,106.4
2390,18,1,195.6
2390,24,2,112.58
2391,5,1,41.09
2391,12,1,158.53
2391,44,3,198.8
2392,49,1,154.94
2392,20,2,193.14
2392,39,2,67.75
2392,16,2,193.5
2393,5,1,48.11
2394,23,3,68.53
2394,41,3,163.55
2394,11,2,111.51
2394,23,1,57.14
2395,19,1,66.79
2396,2,3,158.0
2396,23,3,142.67
2396,24,2,138.61
2396,47,1,156.36
2397,14,1,47.93
2397,5,3,93.59
2397,36,2,157.14
2398,20,3,57.78
2398,21,2,149.02
2398,30,1,144.64
2399,39,2,37.44
2400,10,3,106.51
2400,43,2,168.0
2401,47,3,102.48
2401,39,3,76.78
2402,33,1,179.86
2402,32,3,122.38
2402,15,3,178.28
2402,49,2,25.1
2403,6,3,87.58
2403,8,3,29.53
2403,17,2,135.55
2403,4,2,94.57
2404,5,1,76.96
2405,38,2,175.37
2405,13,2,139.94
2405,48,2,155.6
2406,10,3,46.17
2406,9,1,105.71
2406,33,1,133.55
2407,37,2,15.19
2407,48,2,183.66
2407,14,1,108.56
2407,46,2,191.79
2408,35,2,30.2
2409,19,2,165.63
2409,36,1,163.33
2409,39,3,65.15
2410,46,2,76.32
2410,26,2,172.18
2410,24,2,162.06
2410,30,3,67.08
2411,26,2,107.77
2411,33,3,116.85
2411,24,3,77.27
2411,33,3,39.8
2412,43,3,53.67
2412,44,2,130.16
2412,12,3,133.76
2412,44,3,34.97
2413,27,3,89.73
2413,10,1,16.54
2413,18,1,47.59
2413,2,2,108.17
2414,41,1,58.26
2414,6,2,54.93
2414,39,3,31.93
2415,19,3,103.87
2416,29,2,150.66
2416,39,3,197.03
2417,48,2,198.6
2417,13,2,13.61
2418,39,1,116.16
2418,48,1,115.8
2418,21,1,170.46
2418,23,1,167.53
2419,40,2,175.53
2419,22,3,23.98
2420,36,1,161.62
2421,15,3,77.87
2422,10,3,183.14
2422,7,3,20.68
2422,45,1,81.57
2423,4,3,88.08
2424,31,3,26.72
2424,48,1,186.41
2425,37,2,139.1
2426,23,3,81.46
2427,41,2,11.94
2427,12,3,116.43
2428,46,2,98.04
2428,49,2,62.19
2429,28,1,117.05
2429,17,2,105.46
2429,17,2,145.4
2429,48,1,164.49
2430,42,2,112.0
2430,48,1,184.0
2430,32,2,19.2
2431,12,1,26.34
2431,11,2,47.37
2431,26,1,124.8
2432,20,3,181.97
2432,28,1,87.89
2432,1,2,59.66
2432,32,1,75.48
2433,1,1,114.76
2433,18,2,122.73
2434,21,2,164.09
2434,10,2,48.37
2434,37,3,94.27
2435,42,2,14.3
2435,13,1,63.15
2436,46,3,159.05
2436,2,3,161.17
2436,21,3,50.79
2436,31,2,141.74
2437,39,3,109.04
2437,12,1,13.36
2438,39,2,31.34
2438,7,2,153.58
2438,9,3,170.76
2438,20,1,191.07
2439,2,2,107.41
2439,40,1,169.86
2439,28,2,61.18
2440,41,1,29.8
2440,22,1,22.6
2441,8,2,46.7
2441,32,1,48.52
2442,3,1,70.82
2442,23,3,152.45
2442,35,3,51.66
2442,7,1,186.71
2443,10,2,173.36
2443,35,3,122.1
2443,47,1,164.77
2444,13,2,49.55
2444,46,1,49.54
2444,20,1,34.82
2445,25,3,132.55
2445,44,2,189.79
2446,24,1,180.14
2446,18,3,183.94
2446,48,3,129.87
2446,26,2,75.93
2447,25,3,85.31
2448,41,3,43.02
2448,47,3,176.53
2449,25,1,176.01
2450,35,2,184.96
2451,50,2,28.67
2451,31,3,138.18
2451,14,1,124.12
2451,32,2,56.45
2452,18,1,179.42
2453,42,2,173.38
2453,11,1,170.84
2453,43,2,13.91
2454,13,1,111.55
2454,30,3,190.28
2454,46,1,51.34
2454,15,1,25.43
2455,8,3,88.68
2456,9,1,191.83
2456,1,1,166.58
2457,38,1,39.98
2457,18,1,179.45
2457,5,3,19.14
2457,7,2,34.65
2458,8,3,68.46
2458,4,2,161.4
2459,23,3,83.43
2459,12,2,75.05
2459,41,1,118.55
2460,32,3,61.29
2461,6,3,138.57
2461,32,1,163.28
2461,27,3,103.99
2462,46,1,63.7
2463,1,1,12.1
2464,38,1,184.76
2464,19,1,147.87
2464,46,2,19.47
2465,38,3,30.45
2465,29,1,71.09
2465,10,2,189.69
2466,41,3,163.9
2466,10,3,100.75
2466,38,1,104.51
2467,24,1,96.04
2467,43,1,168.77
2467,36,3,128.03
2468,10,3,35.19
2468,13,2,144.32
2468,11,2,28.61
2469,42,1,81.58
2470,24,1,53.24
2471,28,1,176.99
2471,37,3,59.04
2472,12,1,162.51
2472,40,3,57.82
2472,12,1,59.86
2473,22,3,16.3
2473,47,3,36.67
2474,29,3,168.84
2475,4,1,133.18
2476,48,2,76.95
2477,2,3,171.93
2477,21,2,72.53
2477,6,1,63.06
2477,24,1,143.01
2478,44,2,87.53
2479,12,1,167.32
2479,36,1,58.91
2479,45,2,73.49
2479,10,3,97.57
2480,49,1,150.87
2480,29,1,128.62
2480,37,1,182.11
2481,16,3,184.77
2481,23,3,34.12
2482,29,3,159.2
2483,27,1,52.45
2483,9,2,100.04
2484,48,1,145.36
2485,40,3,189.39
2485,40,3,112.12
2485,44,1,192.13
2486,30,3,158.3
2487,37,3,59.33
2487,35,3,112.26
2487,47,3,139.7
2488,47,3,138.8
2489,3,2,68.0
2489,22,3,178.98
2490,14,1,25.56
2491,27,1,29.09
2491,47,2,145.45
2491,9,1,83.15
2492,49,3,153.8
2492,28,2,132.5
2492,38,3,169.68
2492,23,2,20.58
2493,4,3,175.07
2493,23,3,45.35
2494,14,1,84.2
2494,22,1,116.72
2495,29,1,77.65
2495,35,3,199.28
2496,18,2,92.99
2496,29,3,191.16
2496,22,1,190.73
2496,10,3,140.78
2497,17,2,142.19
2497,32,2,78.48
2498,22,3,69.38
2498,7,2,36.35
2498,2,2,162.43
2499,19,1,49.87
2500,30,2,117.63
2501,4,3,189.39
2502,38,2,187.46
2502,40,1,17.59
2502,5,3,196.01
2502,35,2,151.69
2503,28,1,94.0
2503,17,2,63.13
2504,5,3,87.15
2504,4,1,10.14
2504,32,2,81.12
2505,11,2,58.64
2505,35,3,11.06
2506,36,3,191.36
2506,43,3,42.81
2506,29,3,13.87
2506,2,2,40.87
2507,16,1,182.81
2507,18,1,154.39
2507,10,2,98.17
2508,1,3,159.38
2509,29,2,79.54
2509,34,1,90.77
2509,48,1,47.87
2510,4,1,47.57
2510,13,3,138.35
2510,34,2,126.9
2510,30,1,97.42
2511,49,3,95.93
2511,40,1,177.23
2511,30,1,12.28
2512,25,1,62.36
2512,11,2,133.56
2512,45,3,62.1
2512,49,1,68.72
2513,32,3,18.72
2513,48,3,92.51
2513,39,2,143.36
2514,40,1,192.05
2514,22,3,55.18
2514,38,1,55.92
2515,30,2,17.8
2516,39,1,179.7
2516,43,3,85.2
2517,50,2,82.79
2517,31,2,131.71
2517,13,1,18.28
2518,18,1,130.77
2518,18,2,121.52
2518,29,3,50.02
2519,45,2,37.17
2520,6,1,57.89
2520,7,2,180.76
2521,48,1,77.24
2521,47,2,90.78
2522,19,1,158.21
2522,28,1,70.53
2523,6,3,105.47
2523,33,2,106.21
2524,28,2,124.67
2524,49,3,50.01
2525,21,3,65.21
2525,16,2,22.44
2525,49,2,199.64
2525,20,3,166.03
2526,44,2,116.06
2527,29,1,31.65
2527,47,3,27.25
2527,7,2,183.2
2527,24,3,136.19
2528,23,2,169.14
2528,44,1,20.19
2528,27,2,125.35
2528,15,1,148.16
2529,19,3,28.56
2529,41,1,26.34
2529,23,2,68.94
2529,14,2,13.62
2530,23,1,123.69
2530,14,1,154.09
2530,42,2,159.51
2530,5,2,28.6
2531,2,1,46.66
2531,36,3,115.13
2531,33,1,150.73
2531,12,3,28.43
2532,31,2,113.09
2532,7,2,74.37
2532,27,1,26.11
2532,40,1,65.48
2533,19,3,181.6
2534,29,3,114.52
2534,12,2,152.47
2534,3,2,194.57
2534,19,1,137.46
2535,42,2,15.1
2535,8,3,41.64
2535,6,1,128.0
2536,7,2,189.1
2536,22,1,59.76
2537,42,2,111.78
2538,37,2,166.02
2538,30,3,164.92
2538,28,3,19.2
2539,37,1,94.87
2540,46,2,64.61
2540,47,2,90.54
2540,11,1,154.52
2540,50,3,39.69
2541,35,3,195.42
2542,6,3,46.73
2542,27,3,108.57
2542,30,3,13.11
2543,40,1,162.49
2543,45,3,84.42
2544,42,3,185.23
2544,46,3,198.66
2544,25,2,94.43
2544,10,3,91.5
2545,18,3,49.15
2545,24,2,69.21
2545,39,1,173.18
2546,10,1,118.45
2546,1,1,61.72
2546,3,1,33.67
2546,5,3,104.19
2547,43,1,156.0
2547,3,3,68.53
2547,35,2,68.02
2547,26,1,165.12
2548,1,3,76.29
2548,12,1,28.31
2548,3,1,44.43
2549,42,2,57.35
2549,38,2,160.48
2550,26,2,191.91
2550,30,3,68.76
2550,50,3,122.73
2551,15,2,167.04
2551,38,2,87.99
2551,50,1,76.19
2551,17,1,117.58
2552,36,3,177.35
2552,17,1,167.47
2552,42,2,135.02
2552,25,3,142.15
2553,33,3,120.1
2554,16,1,166.58
2555,42,3,166.27
2555,7,3,185.92
2556,35,1,135.86
2556,24,3,75.98
2556,14,3,55.38
2557,4,2,163.02
2558,9,2,55.57
2558,48,2,80.14
2559,30,1,122.62
2559,4,3,100.2
2559,7,1,12.57
2559,39,2,139.04
2560,35,1,38.07
2561,26,3,174.07
2561,6,3,142.42
2561,2,3,131.12
2561,47,2,51.85
2562,10,1,62.6
2562,24,3,138.47
2563,10,2,85.33
2564,10,2,180.69
2564,26,2,82.57
2565,50,3,111.62
2565,36,2,24.97
2565,7,2,124.03
2565,13,1,194.74
2566,39,1,174.23
2566,46,1,87.63
2566,25,1,93.59
2566,16,2,171.74
2567,29,1,196.24
2567,50,3,84.93
2567,26,3,90.31
2568,27,2,120.11
2569,6,1,11.3
2569,47,1,163.2
2570,10,2,156.19
2570,46,2,188.94
2571,19,2,148.04
2571,46,1,136.16
2571,39,1,33.67
2572,1,3,164.63
2572,26,3,12.56
2572,33,1,83.44
2573,1,1,64.8
2573,37,1,122.68
2574,5,3,12.13
2574,5,3,169.99
2575,30,3,104.98
2576,24,3,162.36
2576,20,2,144.47
2576,36,1,179.3
2576,3,1,112.32
2577,36,2,89.82
2577,1,3,33.72
2577,48,2,154.3
2578,3,2,90.48
2579,1,1,44.16
2580,48,2,19.28
2580,41,1,58.62
2580,12,1,127.97
2580,19,3,42.53
2581,7,3,196.7
2581,16,1,149.53
2581,48,1,149.74
2582,47,3,35.55
2582,48,3,120.83
2582,19,2,74.69
2583,49,3,182.41
2583,15,1,129.81
2583,23,3,168.7
2583,26,3,147.48
2584,20,2,88.15
2585,37,2,190.27
2585,34,2,121.08
2585,21,1,123.15
2585,33,2,108.34
2586,1,2,161.21
2586,36,3,83.44
2586,18,2,158.2
2586,45,1,149.4
2587,17,3,22.64
2588,3,2,52.59
2588,8,3,27.21
2588,36,2,190.88
2588,31,2,153.44
2589,15,2,48.61
2590,33,3,84.4
2591,40,3,135.49
2591,16,2,16.44
2592,47,2,37.55
2592,47,1,53.61
2593,30,2,166.84
2593,37,3,129.28
2593,27,3,15.12
2593,34,1,63.16
2594,18,3,96.28
2594,27,2,179.22
2595,30,3,110.14
2595,13,3,98.02
2595,10,3,46.88
2596,38,3,29.77
2597,40,2,57.66
2597,4,1,83.33
2598,32,2,57.22
2598,25,3,14.48
2598,30,1,118.8
2598,25,2,58.75
2599,5,3,76.09
2599,1,3,77.24
2600,23,1,11.73
2600,14,3,20.77
2600,8,3,37.91
2601,32,1,128.59
2601,9,2,59.24
2601,11,1,186.88
2602,29,1,15.78
2602,19,2,117.9
2603,41,1,111.63
2603,40,2,74.19
2603,8,2,150.84
2604,34,3,67.29
2604,28,2,109.83
2604,29,3,101.4
2605,16,1,33.19
2605,5,3,120.93
2605,35,2,126.81
2606,26,3,69.82
2606,24,2,126.43
2607,29,2,124.95
2607,50,1,186.07
2607,19,1,150.7
2607,50,3,33.71
2608,50,3,132.34
2608,13,2,78.12
2608,27,2,88.36
2608,33,3,24.06
2609,37,1,156.31
2610,19,1,83.55
2610,8,1,52.3
2610,9,1,105.21
2610,30,3,123.93
2611,27,1,149.19
2612,11,1,149.23
2612,19,2,187.88
2612,15,2,61.33
2613,7,2,112.26
2614,18,2,51.81
2615,11,3,60.31
2615,31,1,179.92
2615,23,1,53.12
2616,35,3,77.94
2616,28,3,99.58
2616,19,2,38.74
2616,21,3,120.61
2617,17,3,89.63
2617,26,3,141.79
2617,38,2,158.57
2618,26,3,68.64
2618,39,3,183.92
2619,11,3,20.79
2620,27,1,190.06
2620,12,1,152.13
2620,31,3,160.88
2621,43,1,90.48
2622,36,2,97.1
2622,27,2,57.28
2622,44,3,107.51
2623,34,1,148.23
2623,32,2,76.31
2624,18,3,44.29
2625,32,3,94.95
2626,7,2,24.26
2627,10,3,170.72
2627,32,2,84.59
2628,40,3,138.59
2628,17,2,32.29
2628,33,3,71.76
2628,26,1,155.4
2629,25,3,171.1
2629,50,2,191.85
2629,47,2,132.21
2629,30,2,51.87
2630,20,2,125.91
2630,8,3,34.35
2631,46,3,47.01
2631,15,3,18.22
2631,34,1,22.85
2632,43,2,134.5
2632,46,1,77.49
2632,23,1,52.57
2633,40,3,80.34
2633,5,2,81.58
2634,42,2,167.58
2634,47,2,192.53
2634,40,3,23.11
2635,20,1,32.44
2635,29,1,85.94
2635,5,3,191.07
2636,34,2,187.75
2637,32,1,136.42
2637,10,1,21.94
2637,2,1,119.93
2637,31,2,161.5
2638,17,3,10.22
2639,8,1,116.88
2640,16,1,84.19
2640,7,3,147.68
2641,5,3,173.4
2641,29,2,57.75
2641,46,3,16.71
2641,10,2,197.81
2642,10,1,46.74
2642,12,3,106.35
2642,25,1,171.13
2642,18,2,121.83
2643,48,3,93.72
2643,7,1,144.33
2644,21,3,167.82
2644,7,1,50.94
2644,23,3,112.32
2645,41,1,156.54
2646,26,1,31.09
2646,21,1,54.73
2647,17,2,87.66
2647,40,3,49.55
2647,17,2,27.87
2647,21,2,138.78
2648,36,1,117.2
2648,35,2,42.35
2649,45,1,115.12
2649,38,3,91.86
2650,27,1,143.5
2650,40,1,83.24
2650,38,3,85.45
2650,48,2,131.44
2651,31,2,145.96
2651,43,2,143.77
2652,45,3,169.64
2652,48,1,149.81
2652,35,1,26.44
2653,43,1,149.93
2654,18,3,193.2
2654,13,2,197.26
2654,3,3,90.4
2655,15,1,72.0
2656,8,3,107.49
2656,27,3,188.65
2656,23,1,92.53
2657,19,1,73.73
2657,45,3,18.8
2657,39,1,85.51
2658,39,3,199.92
2659,29,1,178.88
2660,2,2,160.77
2660,20,2,55.74
2660,30,1,91.03
2661,13,1,160.52
2661,32,2,87.61
2662,49,2,15.4
2662,8,3,125.49
2662,33,3,109.1
2662,32,1,182.52
2663,32,3,87.57
2664,18,3,131.24
2665,1,2,56.99
2665,29,1,123.23
2666,38,3,29.86
2666,42,1,26.67
2666,5,2,124.85
2667,4,1,195.39
2667,40,1,59.06
2668,14,3,65.17
2668,26,2,76.27
2669,15,2,152.45
2669,1,3,132.31
2669,28,3,37.83
2669,4,2,42.4
2670,10,1,56.47
2671,17,3,100.52
2671,37,2,53.68
2672,46,2,93.63
2672,34,2,180.88
2673,32,3,103.45
2674,22,2,188.93
2674,2,1,148.44
2674,44,1,105.43
2674,41,1,25.85
2675,17,1,133.33
2675,15,2,122.83
2675,45,2,169.45
2675,42,2,65.7
2676,1,1,63.83
2676,17,3,134.52
2677,6,3,33.31
2677,6,1,183.25
2677,50,1,172.64
2678,8,3,99.16
2678,26,3,160.09
2678,23,3,28.22
2679,28,2,73.1
2679,9,1,159.18
2680,18,2,183.32
2680,29,2,107.77
2681,5,1,156.17
2681,5,2,56.17
2681,26,3,14.43
2682,28,3,174.94
2683,21,1,124.83
2683,9,3,60.13
2683,1,3,170.32
2683,40,3,158.76
2684,37,2,68.72
2684,14,2,34.52
2684,24,3,180.51
2684,47,2,24.47
2685,26,1,71.65
2685,42,2,96.71
2685,5,2,61.21
2685,13,3,120.48
2686,50,2,127.48
2686,47,2,68.92
2686,23,3,137.05
2687,39,3,11.62
2688,44,2,89.81
2688,3,1,188.03
2688,36,1,193.23
2689,47,1,29.93
2689,37,2,147.98
2689,15,2,110.88
2689,11,2,24.98
2690,24,2,195.94
2691,37,2,119.52
2692,14,2,27.16
2692,32,3,58.99
2692,43,3,160.24
2692,25,3,30.63
2693,47,3,37.22
2694,3,1,70.63
2694,10,3,135.19
2695,23,1,146.55
2695,25,1,158.61
2695,20,1,133.33
2695,26,1,166.82
2696,29,1,62.32
2696,18,3,29.49
2696,15,2,18.16
2697,38,3,42.11
2697,40,2,67.8
2697,15,1,114.08
2698,7,1,92.23
2698,32,3,197.24
2698,34,1,18.1
2698,32,2,135.33
2699,38,2,191.68
2700,7,1,46.12
2700,16,1,37.58
2700,10,3,89.66
2701,36,3,117.93
2702,41,2,171.29
2702,24,1,83.47
2702,46,1,162.88
2702,4,3,17.08
2703,34,1,26.1
2704,28,2,147.72
2704,38,2,151.82
2704,44,2,10.13
2704,41,1,184.62
2705,5,2,68.98
2705,14,3,110.51
2706,15,3,188.08
2706,15,3,99.79
2706,23,1,153.52
2707,42,2,127.38
2707,29,2,55.57
2708,41,2,41.88
2709,24,3,108.47
2709,20,1,145.02
2710,13,2,120.96
2710,31,3,113.14
2710,50,2,126.41
2710,10,3,194.57
2711,16,2,14.44
2711,18,3,194.4
2711,35,3,94.06
2711,12,1,158.13
2712,10,1,148.36
2713,42,1,91.7
2714,34,2,109.84
2714,41,2,131.68
2714,24,3,106.25
2715,39,1,117.9
2716,32,1,114.34
2716,28,3,27.43
2717,7,3,117.21
2717,11,3,72.96
2718,37,3,22.06
2718,20,1,168.81
2718,38,3,175.43
2718,13,3,90.36
2719,3,1,171.06
2719,2,3,123.33
2719,44,1,69.89
2720,25,2,99.83
2720,39,2,70.15
2720,20,1,103.19
2720,2,1,98.94
2721,39,3,167.67
2722,44,3,176.08
2722,41,2,69.33
2723,5,2,125.7
2724,2,3,161.6
2724,37,3,163.18
2724,20,2,171.48
2725,3,3,115.93
2725,39,1,121.7
2726,3,1,164.11
2726,36,2,34.09
2726,38,1,171.91
2727,38,1,107.43
2728,42,3,158.03
2728,29,2,40.74
2728,41,2,156.66
2728,30,3,53.8
2729,43,1,183.99
2729,43,1,169.2
2729,20,3,32.38
2729,25,2,66.71
2730,2,2,146.86
2730,44,3,136.58
2730,49,3,66.15
2730,5,1,103.79
2731,31,2,55.5
2731,15,2,162.54
2731,11,1,142.54
2731,7,2,121.19
2732,2,2,123.71
2732,13,1,151.84
2732,22,3,123.42
2732,38,2,124.45
2733,5,1,67.37
2733,29,1,127.61
2733,50,2,41.06
2733,4,1,123.65
2734,20,3,67.36
2734,41,2,137.45
2735,24,2,16.72
2735,1,3,25.45
2736,32,2,53.25
2737,17,3,94.94
2738,44,2,72.97
2738,6,2,70.48
2738,12,3,25.37
2738,35,3,99.52
2739,49,3,132.78
2740,41,1,31.1
2741,37,2,116.18
2741,15,3,61.61
2742,19,3,35.44
2742,43,3,44.61
2742,34,1,144.21
2742,48,2,14.35
2743,28,3,73.88
2743,48,2,153.09
2743,1,3,153.19
2744,18,2,31.02
2745,39,3,128.39
2745,14,3,47.06
2746,17,1,142.43
2747,16,3,164.08
2747,46,1,142.72
2747,6,3,55.17
2747,41,1,117.47
2748,36,2,166.82
2748,47,2,129.17
2748,20,3,76.91
2748,4,2,20.57
2749,30,2,134.25
2749,18,1,144.27
2749,5,1,75.83
2750,30,3,83.18
2750,41,2,107.66
2750,34,2,117.14
2751,31,1,135.56
2752,4,2,120.48
2752,11,1,124.22
2752,3,3,72.44
2752,19,1,174.75
2753,12,3,77.45
2753,48,1,183.09
2753,38,1,106.56
2754,18,1,22.63
2755,46,2,139.81
2755,37,1,68.57
2756,28,1,155.05
2756,48,1,64.85
2757,3,3,89.93
2757,30,3,65.77
2757,27,3,194.57
2757,1,2,27.84
2758,34,3,172.21
2758,29,1,84.0
2759,39,1,102.89
2759,24,2,51.05
2759,27,1,57.01
2759,9,2,111.88
2760,28,1,72.26
2760,15,2,16.79
2761,6,3,17.01
2762,28,3,152.22
2763,24,1,161.28
2764,32,2,87.23
2765,20,1,105.91
2766,28,2,103.21
2766,37,3,148.96
2767,31,2,116.5
2767,10,2,94.25
2767,29,1,137.29
2768,45,1,126.85
2768,11,3,58.25
2768,20,2,174.15
2769,20,3,63.34
2769,35,1,20.72
2769,29,1,157.22
2770,22,1,156.36
2771,46,3,158.55
2771,11,3,152.43
2772,38,2,148.3
2773,32,3,51.5
2773,34,1,185.77
2773,50,1,117.8
2773,18,2,54.05
2774,34,2,153.43
2774,43,2,131.09
2774,8,3,70.32
2774,3,1,86.85
2775,16,2,181.79
2775,28,1,139.62
2775,33,1,85.94
2775,26,2,100.87
2776,43,2,63.91
2776,18,1,128.37
2776,14,1,60.1
2777,9,2,75.58
2778,37,1,98.79
2778,14,2,122.58
2779,17,2,96.52
2780,17,1,39.38
2780,43,1,106.9
2780,46,3,79.16
2781,17,1,162.19
2781,49,1,24.98
2781,46,3,139.73
2781,14,2,32.77
2782,28,3,68.04
2783,11,3,142.46
2783,5,2,41.57
2783,32,2,48.66
2784,44,1,124.18
2784,41,1,81.19
2784,48,3,149.83
2784,7,1,96.96
2785,30,3,33.98
2786,27,2,62.73
2786,44,3,95.75
2787,26,2,152.62
2788,40,3,48.25
2788,24,3,83.82
2788,11,2,34.57
2789,43,1,48.05
2789,23,2,21.67
2790,3,2,12.15
2790,21,1,176.08
2790,41,2,40.0
2791,37,2,14.3
2791,24,2,160.33
2792,45,2,101.09
2793,17,2,193.46
2794,26,2,148.19
2794,10,3,172.04
2795,43,2,24.05
2795,31,2,199.49
2795,33,1,92.22
2795,33,3,35.46
2796,36,2,138.11
2796,23,3,34.72
2796,16,1,169.52
2796,28,2,16.36
2797,7,3,124.93
2797,22,3,36.31
2798,32,3,148.09
2799,45,1,54.94
2799,6,1,182.39
2800,30,2,92.42
2801,38,3,42.29
2802,16,1,33.8
2802,19,2,35.39
2803,13,2,138.06
2803,14,3,139.66
2803,13,2,12.54
2804,30,2,70.11
2805,11,3,25.31
2805,32,3,85.15
2806,48,1,174.28
2807,16,2,25.72
2808,10,1,25.16
2808,22,3,68.2
2809,11,2,62.88
2810,44,3,166.16
2810,11,3,98.13
2811,28,1,191.24
2811,13,1,188.24
2811,12,3,180.68
2812,16,2,168.04
2812,49,3,82.96
2812,49,1,50.17
2812,18,3,52.91
2813,20,3,102.79
2813,45,2,74.35
2814,35,1,165.09
2814,33,3,195.68
2814,45,2,111.46
2814,48,2,126.36
2815,42,1,147.64
2816,13,2,52.01
2817,41,1,185.04
2817,44,1,163.07
2817,1,2,22.89
2817,35,3,77.91
2818,9,2,149.54
2818,30,1,152.24
2818,6,2,120.76
2819,33,1,176.2
2819,34,2,35.08
2819,22,2,133.71
2820,9,1,147.87
2820,22,2,121.91
2821,22,2,154.92
2821,47,3,149.9
2821,17,3,170.18
2821,25,2,32.0
2822,9,3,185.21
2822,43,1,140.89
2822,21,3,93.8
2822,32,3,29.42
2823,17,3,188.86
2823,17,2,130.77
2824,45,3,72.58
2824,29,1,110.05
2824,12,2,35.77
2824,19,1,116.16
2825,3,3,18.1
2825,8,1,158.85
2825,15,2,158.36
2825,15,3,48.58
2826,37,1,112.85
2826,23,1,110.22
2826,18,1,27.0
2826,48,2,130.55
2827,36,3,66.48
2828,18,3,162.37
2828,6,2,13.35
2829,18,1,162.98
2829,41,2,144.76
2830,14,1,70.1
2831,42,2,181.46
2832,9,1,47.38
2832,5,3,126.97
2833,5,1,154.98
2834,22,1,107.42
2835,7,3,24.83
2836,6,2,156.42
2836,12,1,165.93
2836,49,1,133.87
2837,31,1,79.57
2837,4,2,195.86
2838,25,3,185.17
2838,34,3,195.26
2838,10,1,110.18
2839,40,1,51.33
2840,46,2,160.75
2840,5,1,65.99
2840,19,1,39.54
2841,28,2,177.29
2842,16,1,33.48
2842,12,2,115.85
2842,1,3,196.46
2843,22,3,17.91
2843,48,3,12.4
2843,35,1,106.75
2844,30,1,35.33
2845,13,3,77.0
2845,23,3,185.39
2845,1,1,60.27
2846,2,2,121.62
2846,30,2,50.94
2847,9,2,183.1
2847,4,2,102.79
2847,15,3,15.27
2847,41,2,21.25
2848,31,3,177.8
2848,19,2,132.44
2848,45,2,123.97
2848,31,3,21.66
2849,16,2,109.4
2850,33,3,75.74
2850,28,3,116.08
2850,37,2,146.24
2851,33,1,115.66
2851,40,1,16.1
2852,9,2,110.15
2852,34,2,141.23
2853,32,3,83.64
2853,20,3,10.87
2853,2,1,190.65
2854,49,3,86.23
2855,8,1,16.81
2855,22,1,127.75
2856,12,1,195.49
2856,49,1,40.16
2856,6,1,187.31
2857,28,1,196.04
2858,38,2,109.64
2859,41,3,44.7
2859,6,3,130.88
2859,46,3,24.05
2859,30,2,94.38
2860,8,3,55.09
2860,26,2,101.65
2861,20,2,186.37
2861,12,3,141.87
2861,48,2,180.51
2862,12,3,50.48
2863,19,1,16.82
2863,50,3,132.84
2863,16,1,160.68
2864,49,1,37.59
2864,48,1,11.76
2864,44,1,37.05
2865,24,3,39.87
2865,11,2,93.44
2865,38,3,81.73
2866,50,2,81.22
2866,36,1,66.06
2866,37,1,12.04
2866,26,3,107.42
2867,40,1,22.01
2868,47,1,173.45
2868,18,2,168.14
2868,17,1,68.25
2869,43,3,64.59
2869,47,2,81.24
2869,19,3,180.62
2869,37,1,87.09
2870,27,3,142.85
2871,41,2,132.69
2871,10,3,130.28
2871,34,2,80.77
2871,27,1,49.23
2872,39,2,186.33
2873,9,2,181.12
2874,49,2,56.57
2874,27,3,147.52
2874,41,3,121.73
2874,44,2,33.62
2875,32,1,15.13
2876,16,3,135.91
2877,25,2,42.55
2877,29,1,102.26
2878,15,3,114.0
2878,10,2,132.85
2878,14,1,37.38
2879,38,3,141.43
2879,6,2,15.22
2879,19,1,197.72
2880,46,2,87.39
2880,34,2,83.6
2880,15,1,157.85
2881,3,3,77.14
2881,35,2,165.98
2881,26,3,158.24
2882,29,1,143.03
2883,34,2,182.37
2883,12,3,17.84
2884,47,3,176.07
2885,34,2,173.86
2885,23,2,47.89
2885,47,3,186.55
2886,6,3,49.81
2886,21,2,24.63
2886,5,3,89.4
2886,43,1,52.22
2887,2,1,104.27
2888,14,3,76.2
2888,32,1,107.76
2888,9,2,54.29
2888,49,1,36.26
2889,29,3,165.93
2890,31,3,115.85
2890,12,2,142.76
2891,47,1,45.38
2891,3,1,198.24
2891,36,2,154.86
2892,18,2,180.8
2892,13,2,28.67
2892,20,3,166.34
2892,29,2,131.91
2893,42,2,26.6
2893,23,1,44.08
2894,19,2,71.11
2894,26,1,65.84
2894,21,2,99.85
2895,8,1,175.55
2896,13,3,148.78
2897,26,1,171.54
2898,38,2,39.84
2898,33,3,94.78
2898,19,3,27.01
2898,47,1,185.84
2899,16,1,43.54
2900,6,1,182.29
2900,3,3,146.53
2900,11,3,74.86
2901,41,2,82.22
2901,43,2,67.46
2902,41,3,60.35
2902,38,2,144.88
2902,46,2,100.7
2903,25,1,23.47
2904,31,3,160.96
2905,12,1,167.04
2905,34,2,165.85
2905,36,2,126.75
2905,38,1,14.95
2906,29,3,102.31
2907,2,3,108.58
2907,32,1,21.07
2908,21,1,199.94
2908,2,3,193.7
2908,44,1,189.87
2909,19,1,159.38
2909,39,2,44.23
2909,11,1,87.66
2909,32,1,144.59
2910,10,1,67.37
2910,28,1,158.15
2910,8,2,165.51
2910,46,3,135.91
2911,50,2,37.74
2911,46,2,38.99
2912,15,2,68.84
2912,12,1,182.96
2912,40,2,31.66
2912,26,1,166.32
2913,24,2,106.03
2913,38,2,31.58
2913,32,3,160.8
2914,39,3,156.54
2914,15,1,81.92
2915,14,3,99.45
2915,18,3,109.04
2915,8,1,161.49
2916,2,1,23.86
2916,14,1,58.52
2916,27,2,144.43
2916,42,2,125.6
2917,31,1,148.84
2917,40,1,15.28
2917,29,2,32.83
2918,47,2,66.78
2918,25,1,61.59
2918,32,3,130.27
2918,35,2,13.06
2919,33,2,163.53
2919,33,1,87.56
2919,44,3,190.96
2919,28,2,153.08
2920,42,3,73.06
2920,10,2,189.61
2921,16,1,129.25
2921,14,2,160.45
2921,31,2,86.81
2922,20,1,166.89
2922,39,2,164.77
2923,18,3,173.35
2923,8,2,172.93
2923,2,1,163.95
2923,44,3,16.55
2924,23,2,187.58
2924,50,2,38.15
2924,47,1,95.03
2924,26,1,183.62
2925,23,2,79.46
2925,45,3,142.5
2925,45,3,177.53
2926,40,1,37.65
2926,12,3,109.62
2926,26,3,196.19
2926,38,3,162.43
2927,44,3,100.7
2927,7,2,180.53
2927,46,1,151.76
2927,9,3,175.36
2928,42,3,101.36
2928,18,3,14.4
2929,50,1,193.73
2929,22,3,198.81
2929,14,3,111.32
2929,16,3,148.41
2930,40,2,25.15
2930,34,3,103.15
2930,49,2,52.99
2931,43,3,100.67
2931,6,3,33.3
2931,22,1,52.99
2931,47,2,18.15
2932,44,2,72.06
2932,23,3,182.07
2933,4,1,107.13
2933,38,2,173.14
2933,10,2,145.28
2934,36,2,130.82
2934,43,3,171.44
2935,12,1,118.07
2935,4,3,138.97
2935,8,2,49.63
2935,10,1,33.18
2936,50,2,62.09
2936,49,3,119.4
2936,39,2,36.71
2936,39,2,100.42
2937,1,1,127.92
2937,27,1,87.15
2937,26,3,171.06
2937,2,1,139.41
2938,12,1,38.62
2938,42,1,115.98
2938,50,2,169.66
2938,10,2,42.16
2939,50,1,123.92
2939,38,2,139.61
2939,11,1,106.89
2939,35,1,100.7
2940,41,1,180.19
2940,17,2,54.89
2941,20,3,91.92
2941,16,3,45.25
2942,43,1,183.91
2942,8,2,15.25
2942,21,1,50.6
2942,21,1,31.9
2943,2,3,173.33
2943,40,3,185.46
2943,27,1,104.89
2944,18,3,153.77
2944,36,1,43.05
2944,14,1,180.1
2945,27,2,70.78
2946,4,1,145.97
2946,49,1,69.42
2946,9,1,171.98
2946,8,3,23.07
2947,15,3,181.57
2947,26,1,48.83
2947,33,1,175.85
2948,2,1,73.92
2948,38,1,153.29
2949,34,2,66.17
2949,27,2,58.55
2949,44,1,103.36
2950,11,3,178.16
2950,21,3,31.6
2950,38,3,39.42
2950,33,1,70.76
2951,10,2,68.97
2951,29,1,47.17
2952,3,1,36.75
2952,4,1,60.83
2952,6,3,184.63
2953,14,3,121.82
2954,2,2,18.36
2954,50,1,97.6
2954,6,2,27.86
2954,19,2,32.14
2955,42,1,80.33
2955,3,2,119.12
2956,38,1,186.09
2956,46,1,166.83
2957,8,3,197.96
2957,36,2,122.43
2957,37,1,107.07
2958,10,3,31.92
2958,23,1,23.36
2959,31,2,184.79
2959,42,3,167.89
2959,9,1,194.57
2959,15,1,121.26
2960,36,3,139.47
2960,23,2,128.6
2960,6,1,107.55
2961,28,1,30.53
2961,25,3,168.7
2961,2,2,80.72
2962,14,3,29.48
2962,12,3,71.29
2963,40,2,110.37
2964,48,1,114.89
2964,2,1,82.74
2964,41,1,74.15
2964,8,1,163.73
2965,13,1,29.04
2965,23,1,65.11
2966,16,1,123.06
2966,47,2,10.82
2967,8,3,150.15
2967,18,2,174.02
2968,5,2,82.22
2969,43,1,131.93
2969,21,3,40.19
2970,16,2,35.45
2970,1,1,105.25
2970,18,1,34.15
2971,42,2,161.78
2972,4,1,31.3
2972,42,2,60.36
2972,35,1,150.5
2973,9,3,45.99
2973,45,3,125.8
2973,14,3,87.6
2973,17,2,55.78
2974,19,1,40.05
2974,39,3,124.39
2974,12,2,157.43
2975,20,2,158.52
2975,23,2,92.22
2976,37,3,103.32
2976,35,3,93.73
2977,42,3,157.76
2977,11,1,61.54
2977,2,2,77.63
2978,3,1,146.52
2978,45,2,15.94
2978,22,1,53.24
2978,48,2,177.33
2979,38,3,26.53
2979,19,1,81.66
2980,19,2,10.22
2980,13,2,67.48
2980,8,2,183.91
2980,41,1,54.57
2981,3,3,31.2
2981,2,1,61.79
2981,12,1,66.46
2982,27,2,120.22
2983,23,1,103.79
2983,48,1,162.29
2983,8,3,23.59
2983,13,2,146.12
2984,5,2,134.24
2985,26,3,118.93
2985,40,2,29.62
2985,30,2,39.69
2986,23,1,169.88
2987,39,2,55.3
2987,3,1,103.39
2988,28,3,69.32
2988,42,3,122.75
2988,32,1,58.09
2988,29,3,125.23
2989,36,1,99.13
2990,16,2,10.68
2990,30,1,51.38
2991,48,2,50.62
2991,28,1,148.72
2991,17,2,154.56
2992,47,1,176.78
2992,6,1,121.0
2992,4,1,168.35
2992,36,1,38.84
2993,31,2,87.84
2994,36,1,162.31
2994,37,1,126.2
2994,26,1,21.86
2995,24,1,52.72
2996,30,1,29.51
2996,8,1,31.54
2996,36,1,52.9
2996,22,2,42.22
2997,35,2,86.24
2997,3,2,118.58
2998,15,2,41.72
2998,15,2,55.4
2999,41,3,108.05
2999,19,2,144.93
2999,12,2,32.02
3000,1,3,26.14
3000,45,3,19.27
3001,16,2,195.96
3001,36,3,30.75
3001,39,2,142.11
3001,44,3,85.12
3002,22,3,140.08
3002,44,2,27.47
3002,16,3,121.46
3003,37,2,118.53
3003,2,1,173.24
3003,3,2,51.86
3003,10,1,167.91
3004,36,1,124.42
3004,29,2,137.15
3004,48,3,133.92
3005,3,1,69.83
3006,1,3,52.37
3007,6,1,149.44
3007,30,1,61.65
3007,48,3,165.89
3007,4,3,80.82
3008,22,3,54.13
3008,45,1,200.0
3008,3,2,132.96
3008,22,3,132.42
3009,22,1,109.26
3009,48,1,37.16
3009,24,1,57.29
3009,43,1,142.93
3010,4,3,131.08
3010,48,1,75.56
3011,5,1,35.79
3011,38,3,90.58
3011,13,2,113.14
3012,15,3,129.6
3012,47,2,32.14
3012,10,3,178.91
3012,24,2,180.92
3013,19,3,24.62
3013,50,1,96.0
3014,32,3,92.32
3015,1,1,186.2
3016,21,1,56.92
3017,16,2,128.71
3018,36,3,46.0
3019,16,2,91.22
3019,34,3,21.14
3019,36,1,122.1
3019,21,1,125.9
3020,4,2,12.74
3020,13,1,166.92
3020,27,2,128.22
3020,25,3,29.21
3021,49,1,38.9
3021,18,1,165.06
3021,49,1,148.67
3022,2,1,51.4
3022,48,3,197.3
3023,32,1,136.44
3023,24,2,119.65
3023,44,2,88.96
3023,25,1,39.31
3024,20,2,94.22
3024,9,3,50.35
3024,28,3,21.41
3024,22,2,124.73
3025,24,3,167.54
3025,34,3,14.26
3025,44,1,20.59
3026,36,2,120.12
3026,39,1,97.36
3027,43,1,51.74
3027,9,3,77.5
3028,36,2,44.87
3029,19,3,18.28
3030,16,2,11.78
3030,29,1,156.14
3031,27,3,102.06
3031,17,1,78.77
3031,2,3,153.82
3031,20,3,12.74
3032,36,3,145.79
3032,16,3,121.76
3032,2,2,115.98
3033,31,3,79.89
3033,21,3,40.85
3033,23,2,197.5
3034,22,3,20.82
3034,7,3,120.26
3035,24,3,199.51
3035,49,1,50.33
3036,29,2,75.96
3036,16,2,96.18
3036,41,2,183.29
3037,11,3,22.16
3037,40,3,69.01
3038,17,3,183.73
3038,28,3,94.92
3039,49,3,169.16
3039,35,3,160.7
3039,33,2,153.19
3039,6,1,87.77
3040,28,1,91.18
3040,46,1,122.86
3041,25,3,91.8
3041,46,3,137.38
3041,13,1,37.28
3041,9,3,98.87
3042,1,1,125.63
3042,1,1,59.68
3042,17,3,51.26
3043,2,2,194.99
3044,22,3,85.29
3044,13,1,169.78
3045,13,1,131.57
3045,29,2,146.58
3045,11,2,135.15
3045,12,3,78.59
3046,7,2,185.56
3046,21,1,51.92
3046,12,1,80.07
3047,40,3,133.91
3048,8,2,90.93
3048,6,2,16.72
3048,15,3,47.88
3048,12,1,138.55
3049,27,3,67.41
3049,23,2,190.37
3050,12,1,126.85
3050,24,1,21.45
3050,9,2,55.54
3051,10,3,195.63
3051,5,3,90.96
3051,45,1,157.02
3052,15,2,89.0
3052,2,1,115.1
3052,41,2,145.84
3052,29,1,95.42
3053,31,3,41.93
3053,12,2,139.06
3054,44,2,163.29
3055,7,1,12.62
3055,15,3,62.23
3055,43,2,93.53
3056,45,1,114.06
3056,18,2,62.39
3057,23,1,141.86
3057,29,2,114.27
3057,41,1,107.98
3057,49,1,193.41
3058,47,3,189.17
3058,27,3,16.18
3058,7,1,171.19
3058,29,1,172.07
3059,16,3,21.76
3059,25,2,95.13
3060,31,2,161.78
3060,9,2,156.58
3061,35,1,187.35
3061,43,2,39.0
3061,1,3,126.65
3061,18,2,106.23
3062,46,2,108.7
3063,38,1,134.01
3063,38,3,45.22
3064,23,3,118.59
3064,46,1,68.34
3064,47,1,180.39
3065,18,2,58.04
3066,2,1,80.63
3066,39,1,172.95
3066,12,3,143.75
3066,7,2,76.3
3067,4,3,134.55
3067,47,3,191.7
3067,8,3,155.16
3067,48,3,165.21
3068,16,2,23.21
3068,50,2,183.46
3068,12,2,119.99
3069,29,1,54.64
3070,29,2,199.61
3070,9,3,13.67
3071,42,2,11.31
3071,40,3,114.89
3071,4,1,15.81
3072,24,1,34.47
3072,3,3,189.49
3073,35,1,45.69
3073,6,3,140.5
3073,22,1,135.52
3073,3,3,116.63
3074,7,2,23.95
3074,48,3,130.65
3074,37,1,119.82
3075,10,2,91.06
3075,29,1,38.56
3075,12,3,20.26
3075,38,1,84.8
3076,37,1,122.35
3076,25,3,73.23
3077,39,2,80.88
3077,37,3,140.15
3077,3,2,111.07
3077,34,2,91.05
3078,47,2,11.6
3078,2,3,53.43
3078,49,1,17.51
3078,26,2,153.19
3079,10,1,61.36
3079,31,3,15.7
3080,35,1,151.87
3081,28,1,47.63
3081,16,2,102.69
3082,26,1,149.42
3083,36,3,154.54
3083,47,2,104.41
3083,3,2,126.56
3084,38,3,99.76
3084,34,1,137.78
3084,26,2,26.12
3085,9,3,63.56
3086,44,3,72.55
3086,9,3,170.95
3086,4,3,90.9
3086,6,3,40.68
3087,6,2,106.84
3087,43,3,166.66
3087,18,1,140.97
3088,25,2,169.02
3088,7,2,19.41
3088,10,3,15.06
3088,19,1,43.65
3089,8,1,65.69
3089,37,2,71.64
3090,2,3,145.11
3090,21,2,103.14
3090,24,2,167.23
3090,29,3,178.95
3091,26,2,26.19
3091,34,2,196.17
3091,35,3,171.89
3091,12,2,135.61
3092,27,3,159.77
3092,21,3,135.49
3093,15,3,146.29
3093,33,1,186.11
3093,18,1,132.21
3093,20,3,68.08
3094,14,2,13.63
3094,20,1,65.31
3094,14,1,26.67
3095,25,3,37.67
3096,16,1,116.64
3096,18,2,154.57
3096,30,1,89.03
3096,4,3,112.65
3097,1,1,94.65
3097,26,1,52.82
3098,5,1,124.89
3098,7,2,21.36
3098,27,3,111.52
3098,20,2,20.15
3099,30,1,108.35
3099,30,3,138.5
3100,40,1,86.92
3101,45,3,34.4
3101,13,1,187.1
3101,15,3,73.33
3102,3,1,175.33
3103,30,3,112.8
3103,10,3,140.9
3104,29,2,96.16
3105,10,3,47.43
3106,24,1,57.41
3107,35,1,66.99
3107,1,2,100.24
3107,18,1,27.34
3107,19,3,112.13
3108,9,1,18.93
3108,48,1,79.92
3109,4,1,191.83
3109,21,2,40.16
3109,28,2,42.47
3110,34,3,105.16
3111,44,2,166.65
3111,20,2,179.03
3111,28,2,70.06
3111,46,1,140.61
3112,42,2,16.63
3113,41,3,193.33
3113,9,3,146.05
3113,49,1,143.26
3114,41,1,10.72
3114,1,2,188.28
3114,13,1,162.13
3115,33,1,170.16
3116,32,3,84.48
3116,29,3,33.7
3116,50,1,109.74
3116,26,2,74.28
3117,35,1,113.65
3117,30,2,94.13
3117,22,1,188.01
3118,20,3,115.86
3119,21,1,164.96
3119,47,3,144.52
3119,32,1,61.69
3120,27,2,126.73
3120,50,2,110.42
3120,29,1,65.02
3120,27,1,55.34
3121,31,1,52.57
3121,6,3,133.25
3121,22,1,79.47
3122,30,2,16.0
3123,39,3,113.0
3123,26,2,60.76
3123,24,1,125.17
3124,25,1,118.85
3124,6,3,151.65
3125,47,3,52.81
3125,11,3,78.25
3126,31,1,188.58
3126,30,2,198.18
3126,26,1,170.16
3126,28,1,26.69
3127,47,2,25.86
3127,10,2,153.81
3128,21,2,120.21
3128,30,1,54.15
3129,11,2,108.09
3129,12,3,92.29
3129,41,3,169.99
3130,3,1,28.46
3131,45,2,59.44
3132,46,3,41.35
3133,12,3,53.44
3133,41,2,34.74
3133,14,3,136.32
3133,13,1,189.05
3134,6,3,118.9
3134,25,2,151.11
3134,8,1,138.83
3134,11,2,75.0
3135,40,1,20.09
3135,21,3,164.63
3135,42,3,182.93
3136,26,3,195.99
3136,46,3,107.87
3136,46,1,199.45
3137,38,2,10.56
3138,5,3,168.72
3138,34,1,85.06
3138,44,3,10.62
3138,19,1,135.3
3139,5,2,112.81
3139,17,3,140.89
3140,26,2,14.09
3140,20,1,195.53
3140,13,3,187.66
3140,35,3,186.95
3141,26,3,120.56
3141,2,3,82.8
3141,46,3,90.31
3142,8,1,72.54
3142,24,2,99.71
3143,44,2,90.76
3144,44,2,162.65
3144,7,1,12.72
3144,14,3,143.62
3144,2,3,84.14
3145,14,2,40.86
3146,50,1,74.28
3146,20,2,58.03
3146,6,2,141.36
3146,50,1,133.24
3147,19,3,122.21
3147,27,2,134.7
3147,8,2,56.84
3148,20,3,189.0
3148,13,3,102.54
3148,46,1,190.26
3148,27,1,91.48
3149,15,1,60.69
3149,46,3,72.85
3149,47,3,102.05
3149,27,2,148.74
3150,26,1,37.65
3150,8,3,89.62
3151,28,1,63.74
3151,7,1,12.75
3151,28,2,43.53
3152,35,3,107.42
3152,5,1,103.51
3153,29,1,24.89
3154,37,1,196.26
3155,38,3,133.39
3155,26,1,39.32
3156,33,1,111.0
3156,35,1,154.49
3156,11,3,143.52
3156,30,3,71.43
3157,47,1,81.78
3157,42,1,103.82
3158,5,2,113.48
3158,35,3,165.31
3158,7,3,123.63
3159,44,1,106.48
3159,7,3,156.04
3159,49,1,167.2
3160,12,3,60.51
3160,48,1,191.81
3160,7,2,31.84
3160,17,3,79.22
3161,45,3,83.13
3161,34,1,118.1
3161,39,2,99.49
3162,20,1,121.85
3162,7,2,103.65
3162,4,3,83.61
3163,27,1,30.65
3163,47,1,68.04
3163,20,2,193.63
3163,15,2,165.57
3164,20,2,96.72
3165,40,3,37.43
3166,26,2,59.48
3166,3,2,154.88
3167,46,3,173.43
3168,43,1,171.76
3168,14,2,186.19
3168,18,1,129.95
3168,30,3,72.77
3169,18,3,138.19
3169,8,1,48.0
3169,13,3,185.21
3169,37,1,164.12
3170,14,1,182.67
3170,4,2,175.57
3170,34,1,133.62
3170,16,3,126.46
3171,13,1,63.7
3171,47,3,64.62
3171,20,3,45.18
3172,10,2,171.49
3172,29,1,69.5
3173,28,1,159.77
3173,49,3,131.55
3173,7,2,180.81
3173,49,2,177.9
3174,42,1,43.32
3174,29,2,100.86
3175,16,2,166.13
3175,9,2,60.11
3175,40,3,161.22
3176,43,3,185.05
3176,39,2,167.76
3176,19,3,75.22
3176,25,2,113.78
3177,27,2,132.61
3178,38,2,64.11
3178,26,2,164.33
3178,11,1,133.01
3179,42,1,183.66
3180,22,3,73.38
3180,43,3,105.07
3180,30,2,180.46
3180,38,2,90.4
3181,9,1,101.64
3182,27,2,72.21
3182,47,1,37.92
3182,30,1,36.39
3183,49,1,147.95
3184,13,1,36.09
3184,14,2,108.48
3185,12,3,145.75
3186,1,2,54.8
3186,43,2,19.05
3187,24,3,152.87
3187,41,2,130.21
3187,16,2,189.99
3188,11,1,162.73
3188,8,2,59.58
3188,2,2,186.7
3188,21,2,19.07
3189,50,3,70.38
3189,28,3,10.58
3190,9,1,85.71
3190,45,1,60.23
3190,37,3,188.69
3191,14,1,169.4
3191,25,3,191.91
3191,38,3,144.96
3191,4,3,45.33
3192,21,2,134.56
3192,42,3,149.55
3192,4,1,119.88
3193,12,3,110.96
3193,24,2,126.91
3193,47,2,33.62
3193,18,1,71.03
3194,35,2,97.0
3194,9,1,118.64
3195,46,3,65.43
3195,42,2,50.71
3196,40,1,170.33
3197,11,2,59.67
3198,39,3,189.43
3198,40,3,190.47
3198,19,2,34.5
3199,50,2,152.39
3200,44,1,82.64
3200,44,3,55.21
3200,7,1,138.98
3201,42,1,84.72
3202,15,3,110.09
3203,40,2,88.23
3203,49,3,188.42
3204,20,2,82.64
3204,35,3,51.32
3204,41,1,174.2
3204,22,3,139.39
3205,44,3,48.06
3205,28,3,85.79
3205,17,3,26.76
3206,29,3,84.73
3206,33,3,36.51
3206,43,2,183.78
3206,25,2,94.73
3207,14,1,86.16
3208,21,1,197.19
3208,36,1,30.35
3209,33,3,29.83
3210,23,2,94.31
3210,29,3,115.35
3210,24,3,159.29
3210,30,2,177.36
3211,4,3,199.95
3211,49,1,197.25
3211,31,3,66.34
3212,34,1,102.42
3212,32,3,182.18
3213,41,1,29.27
3213,30,2,56.16
3214,49,2,181.37
3214,10,2,44.63
3214,43,2,167.17
3214,45,3,43.37
3215,19,3,124.94
3215,22,3,114.21
3215,4,1,120.2
3216,35,1,103.03
3216,28,1,118.52
3216,16,3,36.97
3217,40,3,179.34
3217,10,1,43.36
3218,22,2,93.07
3218,24,2,84.57
3219,14,2,11.68
3220,13,2,45.6
3220,39,1,168.75
3220,10,1,170.99
3220,6,1,182.42
3221,47,2,77.85
3222,19,3,100.28
3223,42,3,199.9
3223,3,2,45.55
3223,6,3,105.93
3224,11,3,44.93
3225,8,3,166.52
3225,35,1,68.02
3225,5,2,57.76
3226,14,2,51.14
3226,44,2,87.64
3227,5,2,77.5
3228,29,1,68.25
3228,47,3,129.48
3228,7,3,97.66
3229,6,2,39.37
3229,40,3,150.95
3229,6,2,167.3
3230,5,3,40.07
3231,49,3,26.34
3232,15,3,13.7
3232,13,3,189.35
3232,27,2,124.17
3233,13,1,121.69
3234,45,1,24.71
3235,18,1,92.74
3235,23,1,190.48
3235,18,1,57.97
3236,31,2,29.52
3236,8,2,65.34
3237,41,3,128.81
3237,17,3,59.62
3237,2,3,78.72
3238,33,1,70.87
3238,7,2,35.99
3238,30,2,74.39
3239,6,2,42.81
3239,43,2,134.34
3239,49,2,162.01
3239,45,3,104.97
3240,35,3,167.13
3241,37,1,72.65
3242,11,2,194.95
3243,13,2,129.03
3243,23,3,162.37
3243,7,3,32.75
3244,32,2,165.32
3244,12,3,62.27
3244,48,3,32.39
3244,41,2,118.62
3245,29,2,71.11
3246,4,1,133.97
3246,38,1,162.79
3246,29,2,177.82
3247,23,3,33.76
3247,28,1,123.33
3248,15,2,181.41
3248,30,2,173.77
3249,27,1,193.29
3250,21,2,189.02
3250,7,3,68.98
3251,21,3,19.55
3252,2,3,101.75
3252,16,3,176.03
3252,30,3,124.36
3252,37,2,156.72
3253,19,2,80.11
3253,11,3,89.63
3253,29,1,128.76
3254,5,1,152.36
3254,24,3,161.44
3254,48,3,68.78
3254,45,1,44.73
3255,38,1,188.63
3256,25,2,184.35
3257,18,2,23.73
3257,15,1,104.27
3257,32,1,94.26
3257,5,2,19.13
3258,7,2,153.22
3258,34,2,109.46
3259,12,2,119.51
3259,16,2,76.39
3259,50,2,58.37
3260,49,2,98.34
3260,10,3,110.96
3260,18,3,192.74
3260,6,3,171.57
3261,14,2,179.22
3262,13,3,77.37
3262,36,2,68.06
3262,20,2,116.86
3262,47,2,55.91
3263,37,1,43.24
3263,4,1,25.87
3263,7,1,138.62
3264,47,2,78.93
3264,44,2,130.04
3264,49,1,132.79
3265,13,2,180.28
3266,14,2,91.92
3267,32,1,12.16
3267,43,3,95.86
3268,25,1,135.74
3268,20,2,42.51
3269,30,1,17.45
3269,25,2,29.09
3269,20,2,56.71
3269,27,2,118.82
3270,41,3,14.15
3270,23,1,129.86
3270,50,1,113.26
3271,3,3,146.96
3271,8,3,106.36
3272,39,1,58.37
3273,38,2,103.15
3274,50,3,75.75
3274,7,1,194.32
3274,10,3,180.02
3274,45,3,38.78
3275,35,3,28.76
3275,6,2,116.94
3275,43,3,125.74
3276,11,1,97.93
3276,49,1,94.78
3276,33,2,92.27
3277,10,2,91.29
3277,36,3,54.5
3278,38,3,83.06
3278,31,3,13.52
3278,12,3,16.02
3279,8,3,16.03
3279,48,2,69.2
3279,23,3,165.54
3280,44,3,42.1
3281,28,1,81.15
3281,46,1,41.76
3281,11,1,184.39
3281,48,2,122.04
3282,33,3,167.7
3283,37,1,24.63
3283,50,1,199.89
3283,2,3,39.88
3283,26,1,108.66
3284,41,2,162.36
3284,42,3,127.59
3284,22,1,58.83
3284,46,2,98.75
3285,36,1,58.28
3285,6,2,11.35
3286,8,1,132.25
3287,24,2,68.75
3287,25,1,192.6
3288,30,1,94.26
3288,24,2,69.14
3288,16,2,144.62
3288,22,3,161.17
3289,21,3,185.42
3290,6,2,77.53
3290,47,2,110.7
3290,26,2,52.65
3291,1,2,111.25
3291,30,2,198.42
3291,28,2,31.86
3291,38,3,11.93
3292,41,3,40.36
3292,12,2,30.26
3292,36,1,155.28
3292,12,1,165.32
3293,22,2,174.83
3293,9,2,99.41
3293,45,1,160.0
3294,2,1,57.96
3295,28,2,179.21
3296,14,2,27.51
3296,17,1,172.33
3296,35,2,136.8
3297,30,1,141.23
3297,15,1,167.93
3297,41,3,122.06
3297,24,2,113.95
3298,9,2,11.47
3298,18,1,173.01
3298,19,1,50.57
3299,33,2,119.56
3299,9,2,49.45
3299,12,1,20.03
3300,28,1,117.82
3300,5,3,113.08
3300,31,3,51.3
3300,46,3,126.92
3301,43,2,143.12
3301,21,2,102.25
3301,3,1,138.49
3302,35,1,47.67
3302,31,1,198.61
3302,32,3,180.19
3302,32,2,32.43
3303,37,2,185.12
3303,9,3,24.94
3303,7,2,87.08
3304,50,3,131.92
3304,27,2,64.83
3304,37,3,66.23
3305,2,3,110.65
3306,19,1,192.0
3306,3,2,105.42
3306,14,3,152.69
3307,49,3,45.77
3307,9,1,136.58
3308,39,1,71.49
3308,38,1,99.91
3309,6,3,61.4
3309,28,1,153.79
3310,6,3,193.31
3310,29,1,42.05
3311,40,2,90.44
3311,40,2,198.33
3311,14,2,188.9
3311,35,2,54.51
3312,17,2,81.66
3312,28,1,193.34
3312,45,2,64.23
3312,35,1,57.33
3313,37,3,128.59
3313,36,2,22.55
3313,7,2,19.61
3313,37,1,75.93
3314,35,1,77.9
3314,42,3,32.69
3314,38,3,179.19
3315,45,3,57.69
3315,50,3,105.08
3315,23,2,165.66
3315,8,3,182.89
3316,6,1,192.93
3317,14,2,131.3
3317,15,1,162.24
3318,28,2,72.57
3318,41,1,74.91
3318,14,2,193.04
3319,44,1,112.52
3319,38,2,11.34
3320,46,2,16.81
3320,17,3,21.09
3320,16,2,170.52
3320,21,2,48.19
3321,46,2,192.58
3321,50,3,122.39
3322,4,3,118.45
3322,25,2,21.21
3323,7,1,41.54
3323,3,2,77.04
3323,36,2,151.6
3323,17,1,193.89
3324,28,3,179.64
3324,9,3,159.66
3324,12,1,54.41
3325,47,1,164.04
3326,29,3,45.32
3326,8,3,175.36
3326,12,3,25.58
3326,3,3,99.05
3327,6,1,168.55
3328,3,2,33.44
3328,39,3,106.01
3328,18,3,196.43
3328,3,3,60.81
3329,22,3,46.44
3329,2,2,145.65
3329,50,1,109.2
3330,17,2,69.19
3330,44,2,161.48
3330,29,2,130.82
3331,20,3,63.8
3331,13,3,150.94
3331,26,2,25.52
3331,25,3,197.46
3332,22,2,125.62
3332,6,2,44.1
3332,39,2,28.21
3332,42,2,26.79
3333,10,2,79.03
3333,42,3,123.08
3334,14,2,143.02
3334,13,2,62.01
3334,1,3,24.3
3334,43,1,167.95
3335,48,3,36.45
3335,17,2,57.91
3336,31,1,119.37
3336,18,3,125.26
3336,44,2,108.35
3337,47,2,196.21
3337,39,3,30.04
3338,11,2,195.07
3339,18,3,162.7
3339,4,2,83.77
3340,43,3,146.72
3340,32,1,197.95
3340,26,2,80.41
3340,12,1,26.4
3341,16,1,155.76
3341,28,1,195.76
3341,9,2,41.0
3342,43,1,156.84
3342,48,1,173.45
3342,47,1,137.81
3343,6,2,56.88
3343,32,1,190.65
3343,23,3,118.82
3343,34,3,157.07
3344,5,2,135.79
3344,20,2,41.85
3344,2,2,24.99
3344,48,3,104.62
3345,39,3,148.66
3345,23,3,60.02
3345,30,3,48.02
3346,13,2,10.97
3346,4,3,55.93
3346,41,2,65.73
3347,22,1,126.61
3348,46,1,129.44
3348,3,3,85.73
3348,31,2,48.64
3349,2,3,46.22
3350,3,2,55.78
3350,7,3,12.92
3350,32,2,166.68
3351,11,3,10.82
3351,21,1,73.62
3352,1,1,68.19
3353,27,1,44.87
3354,1,3,55.55
3355,37,2,160.38
3356,45,1,43.86
3356,32,1,115.2
3356,4,2,179.49
3357,42,1,159.21
3357,41,1,94.06
3357,3,1,104.43
3358,10,1,187.38
3358,17,3,129.49
3359,46,1,145.93
3360,5,1,59.7
3361,39,3,168.46
3361,38,1,73.9
3361,32,1,39.03
3361,27,2,45.39
3362,13,3,83.46
3362,18,1,28.21
3363,16,3,195.6
3363,41,3,30.21
3364,4,3,69.13
3364,36,2,61.58
3364,28,2,147.94
3364,8,2,36.71
3365,28,3,119.36
3365,1,3,61.2
3365,8,1,102.54
3366,40,3,86.15
3366,24,2,99.41
3366,4,3,96.85
3367,29,2,41.2
3367,35,1,25.39
3367,32,3,141.47
3367,48,3,152.68
3368,2,3,46.8
3368,45,1,51.43
3369,22,1,65.79
3369,25,1,57.87
3369,40,3,38.05
3370,1,3,113.88
3370,36,3,50.07
3370,31,2,174.68
3370,6,1,84.75
3371,25,3,163.15
3372,21,3,139.32
3372,45,2,160.29
3372,17,2,33.63
3373,41,3,121.01
3373,43,2,29.66
3373,1,2,32.91
3374,34,1,199.96
3374,6,1,157.61
3375,31,3,144.11
3375,4,1,70.85
3375,20,1,122.18
3376,24,3,156.29
3376,31,1,199.57
3376,40,1,144.18
3376,24,1,96.86
3377,30,3,191.17
3378,45,2,10.28
3378,29,3,64.39
3378,36,1,165.86
3378,23,2,92.65
3379,42,2,158.57
3379,27,1,68.29
3380,7,1,59.26
3380,20,1,133.17
3381,17,2,133.38
3381,3,1,167.55
3382,47,1,140.62
3382,15,1,80.32
3383,42,2,37.61
3383,36,2,157.33
3383,36,2,193.26
3383,10,1,156.11
3384,19,1,153.08
3384,48,3,131.36
3384,39,2,22.64
3384,27,1,33.34
3385,5,3,137.9
3386,24,2,47.17
3386,40,2,57.21
3386,3,2,32.09
3386,25,3,106.99
3387,38,2,154.92
3387,37,2,164.83
3388,41,3,57.06
3389,29,3,85.38
3389,44,3,14.77
3389,26,3,73.28
3390,42,1,44.11
3390,4,2,118.09
3390,25,2,197.27
3391,11,3,174.92
3391,27,3,21.94
3391,4,1,181.46
3392,17,2,16.4
3392,23,2,32.19
3392,14,1,113.86
3393,28,2,61.75
3393,39,2,53.9
3393,17,2,135.43
3393,7,3,152.59
3394,21,1,156.46
3394,35,3,109.04
3394,23,1,83.33
3394,18,1,63.85
3395,8,3,67.44
3395,21,2,54.0
3395,4,1,125.91
3395,43,1,143.03
3396,20,3,168.52
3396,37,1,123.02
3396,48,3,159.52
3396,49,3,147.71
3397,34,2,194.89
3398,30,1,77.43
3398,16,2,165.03
3398,10,2,197.62
3399,40,3,128.34
3399,11,3,150.03
3399,43,1,114.43
3399,39,1,22.17
3400,30,2,70.98
3400,18,1,150.27
3401,42,1,75.49
3402,10,2,119.28
3402,10,1,196.7
3402,14,2,117.38
3403,19,3,173.71
3403,20,3,147.85
3403,34,2,155.58
3403,6,1,106.74
3404,50,1,174.2
3404,5,1,77.75
3405,11,2,126.2
3405,18,3,65.43
3405,3,1,14.54
3406,9,3,85.4
3406,14,1,62.24
3407,10,3,130.02
3407,28,3,168.01
3407,1,3,185.98
3408,23,2,171.38
3408,23,1,98.71
3408,43,2,85.09
3408,2,1,190.29
3409,19,2,177.06
3409,17,2,71.54
3409,41,2,12.56
3409,23,1,138.76
3410,4,3,41.95
3410,30,2,80.83
3411,36,1,146.04
3412,24,3,155.87
3412,26,1,48.24
3412,42,2,13.92
3413,1,2,75.06
3414,13,2,195.47
3414,40,3,37.55
3415,28,3,124.52
3415,12,3,42.15
3416,4,1,101.07
3417,45,2,80.72
3418,36,1,190.53
3418,15,3,158.08
3419,17,2,44.95
3419,34,1,104.24
3419,17,2,170.72
3420,3,2,87.87
3421,41,1,131.79
3421,26,3,75.84
3421,17,1,28.62
3421,21,1,77.24
3422,30,2,83.47
3422,41,1,124.47
3422,31,1,188.51
3423,13,3,166.24
3424,12,2,27.62
3424,32,1,165.71
3425,42,2,180.73
3426,42,1,146.0
3427,48,3,38.99
3427,41,1,41.96
3427,25,3,112.18
3427,7,1,173.64
3428,47,3,135.74
3429,46,2,136.5
3429,42,2,138.62
3429,50,2,126.75
3430,44,3,28.78
3430,39,3,91.21
3431,15,3,169.25
3431,22,2,129.25
3431,35,1,199.25
3431,15,2,36.27
3432,39,1,61.74
3432,48,3,89.98
3432,46,1,113.08
3433,24,1,15.07
3433,27,2,13.83
3434,49,1,82.78
3434,34,3,31.6
3434,13,2,126.93
3435,28,2,164.27
3435,3,1,156.41
3435,45,3,99.8
3436,28,3,99.24
3436,41,3,189.59
3437,41,1,151.63
3437,32,1,39.09
3437,35,2,172.36
3438,43,2,17.05
3438,44,1,89.29
3438,34,1,176.93
3438,30,2,172.68
3439,20,1,52.3
3439,33,3,185.3
3440,44,3,185.98
3440,1,1,185.11
3440,23,2,198.68
3440,46,3,73.13
3441,25,3,143.38
3441,32,1,147.64
3441,16,2,154.16
3441,48,3,67.02
3442,17,2,179.14
3442,18,1,32.25
3443,39,2,76.38
3443,28,2,130.77
3443,6,3,167.23
3444,26,1,45.13
3444,21,2,106.32
3444,20,3,18.05
3444,43,2,181.62
3445,30,3,34.66
3446,38,2,68.03
3447,46,3,154.89
3447,20,2,66.94
3448,2,2,192.42
3448,1,2,28.33
3448,24,1,107.32
3449,42,3,104.58
3449,12,2,148.19
3449,20,3,199.51
3449,16,3,130.47
3450,44,3,80.81
3450,17,1,94.96
3450,47,1,95.39
3450,43,2,27.64
3451,49,2,176.44
3451,33,2,187.78
3451,41,1,193.72
3451,30,3,79.09
3452,9,1,165.31
3452,16,3,100.7
3452,5,2,192.67
3453,3,1,138.35
3453,1,3,36.14
3453,50,2,26.47
3453,24,3,182.7
3454,25,2,151.17
3454,1,3,66.12
3454,48,3,43.74
3455,1,1,93.97
3455,32,1,106.79
3456,40,1,189.28
3457,47,2,176.63
3457,9,3,132.75
3457,8,1,52.91
3458,40,1,33.31
3458,26,3,93.57
3458,48,2,128.92
3458,37,2,82.55
3459,20,3,108.75
3460,46,1,60.72
3460,29,3,127.46
3460,4,2,105.61
3460,17,1,192.88
3461,26,1,153.01
3461,2,2,183.03
3461,18,2,18.82
3462,17,3,171.58
3462,10,3,19.86
3463,26,1,81.47
3463,49,3,119.39
3463,14,1,14.03
3463,21,2,31.5
3464,29,2,128.5
3464,38,1,154.98
3464,26,3,173.52
3464,6,1,51.33
3465,9,3,41.04
3466,50,1,124.36
3467,17,2,16.26
3467,25,2,108.29
3467,44,3,13.71
3468,19,2,198.8
3468,7,3,114.95
3468,16,3,184.8
3469,39,2,38.79
3470,17,3,133.88
3471,25,3,133.99
3471,30,1,65.66
3471,44,3,60.65
3472,11,3,148.68
3473,18,2,38.92
3474,48,3,66.92
3474,38,3,106.14
3474,12,2,27.37
3474,1,2,109.53
3475,28,1,110.72
3475,37,3,147.3
3475,50,2,89.23
3476,21,2,108.67
3477,39,1,174.54
3477,14,3,162.16
3478,21,1,45.55
3478,25,1,130.88
3479,4,1,55.42
3479,9,3,42.14
3479,6,3,156.5
3480,26,1,117.1
3481,43,3,87.27
3481,42,1,21.58
3481,8,1,93.68
3482,9,2,47.95
3483,3,1,124.7
3483,47,2,26.53
3483,40,3,126.06
3483,28,1,86.53
3484,42,3,178.35
3484,37,3,181.12
3484,4,2,198.12
3484,42,2,36.95
3485,1,3,180.45
3485,18,2,72.09
3486,22,2,46.85
3487,12,2,133.04
3487,26,3,56.21
3487,5,2,107.87
3487,6,3,95.18
3488,10,3,152.07
3488,28,2,42.7
3488,22,1,43.94
3489,31,1,55.67
3489,29,3,47.78
3490,19,3,37.0
3490,20,1,80.97
3490,15,2,107.8
3490,50,3,194.37
3491,41,3,46.47
3491,42,3,41.67
3491,4,1,54.83
3491,25,1,17.95
3492,28,2,170.03
3492,49,2,174.64
3493,2,3,135.37
3493,21,2,89.2
3493,7,2,87.38
3494,22,2,26.83
3495,24,3,13.43
3496,41,1,16.52
3496,23,2,90.0
3496,18,2,147.83
3497,25,1,123.08
3498,22,3,139.43
3498,4,3,66.64
3498,13,2,139.79
3499,12,3,177.86
3499,1,2,42.63
3499,13,1,43.56
3500,45,2,137.53
3501,10,3,167.67
3501,19,1,28.47
3502,18,3,164.07
3502,6,1,42.56
3503,49,3,35.99
3504,39,2,65.34
3504,18,1,109.4
3504,34,3,100.92
3505,14,3,87.07
3505,20,1,175.73
3505,4,2,190.12
3505,33,1,183.38
3506,18,1,41.58
3507,6,3,130.16
3507,9,3,159.6
3507,21,3,176.28
3508,37,1,28.11
3508,17,2,136.06
3508,17,1,179.2
3509,34,1,142.91
3510,9,3,19.5
3510,37,1,39.8
3510,38,1,187.64
3511,15,1,43.76
3512,25,1,98.38
3513,34,1,102.53
3513,47,3,67.92
3514,5,3,124.86
3514,14,3,180.36
3515,32,1,103.74
3515,43,1,29.4
3516,38,1,183.05
3516,14,1,194.35
3517,19,1,59.98
3517,8,2,76.82
3518,32,1,67.18
3519,18,1,70.21
3519,15,1,72.69
3520,23,1,133.89
3520,7,1,103.73
3520,50,1,146.49
3521,28,1,69.79
3521,48,3,196.18
3521,34,3,107.79
3521,48,1,14.74
3522,20,1,135.85
3522,21,1,194.18
3523,8,1,55.55
3524,42,1,23.26
3525,48,2,187.41
3525,2,3,28.98
3526,13,3,84.13
3526,44,1,110.52
3526,38,3,35.62
3527,37,1,24.62
3527,2,3,68.89
3527,38,1,183.14
3527,42,3,143.33
3528,37,1,48.42
3528,20,2,115.46
3529,4,2,97.62
3529,36,1,62.66
3529,14,2,11.13
3529,47,3,122.06
3530,1,3,187.88
3530,48,3,183.84
3531,46,3,181.14
3531,48,2,187.6
3531,35,3,45.31
3531,14,3,97.64
3532,48,2,179.4
3532,35,2,165.46
3533,22,3,24.43
3533,34,3,28.82
3533,14,3,19.03
3533,37,3,11.17
3534,2,3,190.51
3534,30,2,28.9
3534,42,1,149.0
3534,49,3,195.56
3535,6,3,191.78
3535,50,3,18.16
3536,3,3,68.8
3536,48,1,31.29
3536,25,3,77.14
3537,37,1,113.03
3537,22,3,94.09
3537,23,2,58.47
3538,29,3,134.56
3538,14,1,174.38
3539,1,1,54.15
3540,8,2,100.96
3540,45,3,149.14
3541,48,1,199.25
3541,15,3,114.17
3541,36,1,11.89
3541,49,2,177.63
3542,22,2,150.15
3542,23,3,102.17
3542,7,1,129.02
3542,11,3,167.05
3543,41,2,139.61
3543,3,2,75.17
3543,14,3,64.42
3543,42,3,32.54
3544,14,3,62.09
3545,8,1,27.76
3545,18,3,19.37
3545,3,1,143.26
3545,9,2,57.15
3546,34,1,192.55
3546,16,3,96.03
3546,23,2,10.08
3546,8,3,84.58
3547,10,2,142.8
3547,37,3,169.84
3547,6,3,182.53
3548,49,2,162.53
3548,5,1,60.5
3548,32,3,35.82
3548,47,1,125.09
3549,9,2,180.28
3549,7,3,182.73
3549,14,1,107.11
3549,14,3,143.7
3550,48,3,92.6
3551,30,2,122.56
3551,41,2,152.41
3551,12,3,90.01
3552,46,3,42.53
3552,15,3,126.78
3552,41,3,76.38
3552,38,3,54.83
3553,38,1,113.28
3553,5,1,164.65
3553,35,1,51.13
3553,8,1,131.85
3554,30,2,82.19
3554,26,2,76.82
3554,9,2,150.49
3554,3,1,89.15
3555,17,2,161.48
3555,36,1,110.99
3556,22,1,26.36
3557,3,1,25.11
3557,10,1,16.92
3557,40,3,31.53
3557,27,1,75.45
3558,48,1,130.71
3558,50,3,43.34
3558,6,1,29.51
3558,47,2,97.09
3559,27,2,102.98
3559,16,3,138.39
3559,15,2,144.28
3560,11,2,106.4
3560,50,2,63.13
3560,5,2,51.73
3560,39,3,59.35
3561,44,3,98.85
3561,39,1,74.85
3561,33,2,63.03
3562,17,3,55.85
3562,19,3,11.21
3562,49,3,143.06
3563,20,1,172.55
3563,9,1,100.11
3563,7,3,88.21
3564,11,1,133.47
3565,18,2,60.89
3565,35,1,49.82
3565,6,2,138.64
3565,47,1,74.14
3566,16,3,127.12
3566,7,3,26.21
3566,3,3,83.21
3566,35,3,73.25
3567,21,2,128.56
3567,42,3,51.43
3567,30,1,84.39
3567,16,2,116.54
3568,20,1,91.34
3569,36,1,123.44
3569,23,3,84.23
3570,35,1,82.2
3570,31,2,170.82
3570,24,2,136.71
3571,49,2,193.52
3571,8,1,169.82
3571,25,1,198.68
3572,22,3,33.24
3573,50,1,85.08
3573,30,3,199.65
3573,44,3,175.97
3574,28,2,12.75
3574,17,3,75.17
3575,17,1,60.62
3575,6,1,80.09
3575,26,2,49.05
3575,49,1,49.44
3576,31,3,87.64
3577,1,2,19.96
3578,30,2,143.74
3578,24,3,142.58
3578,43,1,148.87
3578,24,3,180.83
3579,9,2,192.97
3579,2,3,76.69
3579,12,2,131.32
3579,9,3,31.87
3580,36,1,199.54
3580,47,3,143.07
3580,25,2,194.27
3581,11,3,118.11
3582,32,1,74.5
3583,17,2,20.87
3583,47,3,114.32
3584,9,3,131.43
3584,31,2,23.32
3584,47,1,20.29
3585,39,3,11.97
3585,48,1,198.86
3586,21,2,99.69
3586,14,3,56.32
3586,8,1,115.64
3586,33,2,44.05
3587,21,1,11.95
3587,17,2,44.25
3588,19,1,140.97
3588,25,3,83.18
3588,42,3,32.35
3588,8,3,181.43
3589,36,2,35.45
3589,22,2,81.98
3589,6,2,103.45
3589,39,3,43.76
3590,33,3,125.01
3590,6,2,170.79
3591,36,3,68.25
3591,30,3,183.05
3591,48,1,192.04
3591,24,1,30.18
3592,30,1,14.4
3592,13,3,48.3
3592,40,3,27.31
3593,6,2,182.57
3593,15,3,106.45
3593,38,3,108.09
3593,20,2,122.32
3594,37,3,145.19
3594,1,3,75.96
3594,27,3,58.96
3595,19,2,132.64
3595,9,3,133.66
3595,11,1,196.25
3595,28,2,22.4
3596,16,2,64.39
3596,3,3,108.14
3597,20,2,173.95
3597,47,1,179.08
3597,19,1,41.79
3597,1,1,195.69
3598,35,2,22.35
3598,37,2,96.3
3599,26,3,175.24
3599,29,3,114.93
3599,38,2,14.88
3600,49,1,133.56
3601,15,3,132.73
3602,1,1,141.3
3602,33,2,158.65
3603,5,2,89.19
3603,29,1,194.25
3603,13,1,119.85
3604,14,3,134.49
3604,38,2,76.34
3605,39,2,175.86
3605,19,1,64.63
3605,18,3,168.27
3606,12,2,128.26
3606,16,2,62.68
3606,24,1,124.37
3607,16,2,24.86
3607,42,3,184.05
3607,12,1,78.76
3608,9,2,60.5
3608,7,3,76.52
3608,11,3,190.07
3609,6,1,58.97
3609,2,2,11.71
3609,31,2,170.95
3610,36,2,37.9
3610,42,2,30.06
3610,18,2,165.06
3611,11,1,52.97
3611,4,2,88.84
3612,8,2,172.2
3613,11,3,71.36
3613,15,2,144.8
3614,46,2,185.24
3614,41,1,188.34
3614,10,1,156.49
3614,30,1,106.09
3615,1,1,173.19
3615,13,2,110.53
3615,47,2,21.39
3616,12,2,96.57
3616,8,3,102.29
3616,26,1,31.08
3616,28,1,22.1
3617,11,1,128.18
3617,38,1,34.5
3617,27,1,87.16
3617,35,2,135.91
3618,30,3,129.35
3618,23,2,129.92
3618,24,3,84.09
3618,6,2,154.61
3619,22,2,68.72
3620,13,1,171.99
3620,19,2,27.05
3620,17,1,68.0
3620,27,1,15.66
3621,46,2,156.39
3621,35,2,170.24
3621,1,1,90.39
3621,43,3,49.48
3622,5,2,111.18
3622,9,2,172.81
3622,37,1,128.66
3623,26,2,12.25
3624,20,3,97.88
3624,30,2,63.72
3624,16,3,149.71
3624,21,3,30.07
3625,29,2,23.68
3626,8,1,133.24
3627,19,3,106.98
3627,23,3,108.19
3628,10,1,97.0
3628,46,1,133.71
3628,40,1,174.34
3628,10,2,81.26
3629,49,2,183.84
3629,13,2,44.83
3630,19,3,170.48
3630,6,1,193.89
3630,5,3,32.99
3630,2,1,165.15
3631,43,1,37.76
3631,10,3,86.13
3631,25,3,31.63
3632,43,3,109.66
3632,40,1,42.78
3632,24,2,67.54
3632,20,3,179.91
3633,18,1,16.25
3633,33,1,123.17
3633,5,1,156.38
3634,6,1,111.08
3635,29,2,71.9
3636,50,1,14.24
3636,39,2,108.31
3637,26,3,180.52
3638,15,1,176.79
3639,28,3,109.08
3639,21,2,78.75
3640,18,2,122.93
3640,20,3,123.71
3640,50,3,198.04
3641,34,3,122.48
3642,12,2,137.72
3642,12,3,82.19
3643,1,3,23.12
3643,45,3,130.98
3643,48,1,120.95
3643,23,3,84.42
3644,15,1,11.78
3644,44,3,133.21
3644,50,3,167.1
3645,16,3,117.1
3645,16,3,116.35
3645,13,1,123.64
3645,29,3,96.02
3646,18,2,38.43
3647,48,3,118.9
3648,8,2,104.58
3649,42,1,26.72
3649,10,1,169.29
3649,1,2,194.74
3649,42,2,115.19
3650,39,2,33.5
3650,1,2,59.82
3650,35,1,88.04
3651,30,2,73.28
3651,31,1,85.15
3651,38,3,15.2
3651,20,2,23.65
3652,45,3,49.98
3653,33,2,54.15
3653,32,2,145.67
3653,26,1,199.84
3654,22,3,75.56
3654,45,1,97.62
3654,44,2,183.63
3655,22,2,15.27
3655,7,3,195.69
3655,43,3,69.78
3655,26,1,180.42
3656,40,2,29.36
3657,16,3,175.15
3658,40,1,125.82
3659,25,3,87.71
3660,33,1,24.39
3660,44,3,159.88
3660,32,1,134.47
3661,22,2,13.41
3661,9,1,88.09
3661,28,2,95.05
3661,39,2,108.83
3662,45,3,71.4
3662,34,2,83.51
3663,47,1,132.33
3663,11,1,11.31
3664,34,2,49.75
3665,42,1,45.69
3666,11,2,160.55
3666,36,1,118.66
3666,33,1,126.65
3666,13,2,149.46
3667,43,2,161.22
3668,30,1,91.55
3669,39,2,61.77
3670,16,2,36.02
3670,11,1,194.1
3671,10,3,89.44
3671,16,2,10.02
3672,38,2,42.47
3673,19,2,121.99
3673,4,2,80.48
3674,21,1,60.7
3674,2,3,176.66
3674,31,1,137.39
3674,21,3,147.68
3675,27,3,144.33
3675,36,3,181.31
3676,43,1,73.78
3676,16,2,162.92
3677,5,1,92.42
3678,29,2,46.9
3678,4,2,35.54
3678,2,1,83.53
3679,9,2,111.58
3679,27,3,42.32
3679,40,1,114.13
3679,24,2,45.56
3680,26,1,99.22
3681,12,3,40.73
3682,3,1,175.13
3682,26,3,173.77
3683,46,2,185.19
3683,2,2,137.4
3683,7,3,13.04
3684,35,2,100.44
3685,32,3,92.47
3685,17,3,40.9
3686,35,1,50.49
3687,44,3,93.72
3687,45,2,48.46
3687,35,1,151.06
3688,23,2,97.58
3688,26,2,44.6
3689,11,2,27.16
3689,21,3,111.6
3689,3,2,13.6
3690,45,1,71.9
3691,30,2,45.8
3691,43,3,192.72
3691,46,3,93.59
3691,23,2,166.67
3692,17,2,107.77
3693,21,1,70.56
3693,6,1,158.47
3693,40,2,15.17
3694,10,1,143.08
3695,13,2,141.56
3695,3,2,139.48
3696,4,2,120.05
3697,41,1,127.59
3697,25,2,156.92
3698,25,3,149.99
3699,19,1,119.95
3699,28,3,164.77
3699,23,2,51.11
3699,23,2,107.35
3700,3,1,156.9
3700,27,3,115.01
3700,37,3,80.9
3701,30,1,90.27
3701,20,3,152.32
3702,23,2,63.32
3702,47,1,159.98
3702,1,3,48.75
3703,50,1,110.31
3704,27,1,49.44
3705,12,3,187.02
3705,22,3,192.3
3706,49,3,166.5
3706,12,2,56.28
3706,39,1,95.99
3707,34,3,88.87
3707,46,2,32.81
3707,4,1,190.98
3707,48,3,130.68
3708,33,1,92.43
3708,41,2,73.67
3708,22,3,35.8
3709,33,3,141.15
3710,47,1,67.3
3710,47,2,84.31
3711,35,2,82.05
3711,25,3,37.41
3711,40,1,144.33
3711,48,3,35.71
3712,17,1,181.54
3712,40,3,69.99
3712,23,1,157.41
3713,16,3,37.4
3713,47,3,101.91
3714,14,3,96.91
3714,29,2,199.18
3714,33,3,126.16
3715,31,3,125.52
3716,47,2,100.69
3716,39,3,43.88
3716,35,1,34.96
3717,13,2,144.25
3717,46,1,177.02
3717,46,3,99.71
3717,31,1,141.18
3718,49,1,140.47
3718,41,1,78.61
3719,34,3,191.47
3719,38,2,70.43
3719,18,2,38.95
3719,50,1,126.93
3720,42,1,137.86
3720,23,2,42.77
3720,36,2,31.89
3721,11,1,84.59
3721,49,3,185.18
3722,36,2,26.95
3722,27,1,127.35
3723,12,2,116.07
3724,28,1,107.08
3724,15,3,54.41
3725,48,1,129.72
3726,26,3,38.16
3727,6,2,87.02
3727,47,2,111.55
3727,44,3,122.36
3727,49,3,106.75
3728,12,1,26.03
3729,34,2,65.11
3729,13,1,45.47
3729,50,3,176.21
3729,38,3,71.98
3730,41,2,170.46
3730,50,1,81.79
3731,23,1,168.47
3731,49,1,44.46
3732,45,3,162.3
3733,45,1,154.79
3733,15,2,12.32
3734,8,1,49.47
3734,10,3,30.67
3734,50,3,28.42
3734,10,3,39.52
3735,24,2,63.9
3735,8,3,153.72
3735,36,3,188.05
3736,10,1,154.88
3736,31,2,141.42
3737,13,1,42.51
3738,24,3,146.83
3738,47,2,37.11
3739,5,3,182.8
3740,17,1,196.68
3740,31,2,144.36
3741,30,1,28.72
3742,38,1,160.76
3742,30,1,78.71
3742,23,3,78.86
3743,40,1,23.24
3743,31,2,50.03
3743,42,3,39.79
3743,14,2,84.08
3744,31,3,174.73
3744,2,2,95.13
3744,14,1,76.2
3744,40,2,34.97
3745,12,3,53.9
3745,15,3,36.42
3745,17,3,80.5
3745,35,1,81.18
3746,10,1,71.85
3747,46,1,73.82
3748,26,3,74.88
3748,41,2,197.82
3749,5,1,17.09
3749,5,1,184.42
3749,19,2,150.02
3749,29,3,79.75
3750,14,2,36.65
3750,11,3,62.79
3750,25,1,66.01
3750,45,1,151.33
3751,27,1,187.85
3751,14,1,177.59
3751,26,1,120.94
3752,28,1,142.57
3752,19,3,14.88
3752,12,3,184.0
3752,47,3,184.7
3753,35,2,144.09
3753,34,1,18.49
3754,20,2,178.56
3754,18,3,103.14
3755,22,2,111.46
3755,32,2,169.27
3755,7,1,17.17
3756,27,1,46.42
3756,10,3,69.44
3756,32,1,121.11
3756,44,3,182.51
3757,8,2,36.45
3757,1,3,197.18
3757,14,1,113.17
3757,31,2,140.22
3758,43,3,82.7
3758,38,2,100.47
3758,18,2,22.09
3759,18,3,43.19
3759,17,2,67.93
3759,11,2,113.29
3760,36,3,193.06
3760,40,2,140.11
3760,31,2,192.2
3761,41,3,75.05
3761,45,2,197.23
3762,3,2,172.01
3763,24,1,115.37
3763,40,1,126.67
3764,24,1,56.77
3764,15,1,61.93
3764,26,3,25.3
3765,45,2,47.4
3765,30,2,32.94
3766,13,3,59.2
3766,16,3,162.5
3767,45,2,198.26
3767,50,1,60.91
3768,15,3,93.2
3768,40,3,14.37
3768,22,3,81.65
3768,34,1,128.66
3769,24,2,117.62
3769,14,2,194.59
3769,20,1,187.54
3769,24,2,135.46
3770,11,1,51.48
3770,11,3,105.74
3771,8,3,36.8
3771,6,1,70.86
3771,32,1,155.68
3772,45,2,119.97
3772,37,1,159.19
3772,18,3,151.61
3773,26,1,117.73
3774,20,2,58.93
3775,6,2,140.96
3776,10,2,109.12
3776,21,1,32.84
3776,16,3,138.48
3777,9,2,197.78
3777,40,3,174.23
3778,35,2,74.67
3778,29,3,130.66
3779,38,1,116.3
3779,39,3,129.41
3779,50,2,143.31
3780,28,3,60.53
3780,48,2,87.88
3780,23,1,63.96
3781,18,3,32.83
3781,1,3,46.22
3781,36,3,84.9
3781,6,2,93.54
3782,1,1,47.92
3782,3,1,169.19
3783,10,1,24.84
3783,1,2,16.29
3783,38,1,156.33
3783,4,3,182.01
3784,43,3,93.77
3785,21,1,160.8
3785,7,1,99.74
3785,3,3,149.96
3786,10,1,45.97
3786,45,1,92.2
3786,8,1,32.52
3787,45,1,198.49
3787,41,2,145.91
3787,50,1,97.89
3788,17,1,119.13
3788,42,3,117.76
3789,24,1,144.61
3790,30,1,181.92
3790,8,2,133.16
3791,34,3,56.31
3791,37,1,174.26
3791,46,1,46.62
3792,41,1,110.3
3792,49,1,124.28
3793,41,3,105.9
3793,41,1,63.15
3794,24,3,83.03
3794,20,1,174.72
3795,33,2,129.14
3795,25,1,131.21
3795,45,1,34.33
3795,34,2,134.23
3796,46,1,121.4
3796,43,2,11.97
3796,21,1,175.49
3797,40,3,187.97
3798,29,3,59.72
3798,34,3,25.44
3798,4,1,127.35
3798,9,2,191.07
3799,26,2,32.86
3799,9,3,81.3
3799,45,1,15.83
3799,9,3,155.93
3800,42,1,190.87
3800,5,1,178.81
3800,34,2,49.78
3801,47,1,58.98
3801,7,1,54.07
3802,16,3,94.66
3802,35,3,52.77
3803,7,1,173.36
3803,35,2,51.02
3803,27,1,62.39
3803,35,1,118.33
3804,45,2,17.73
3805,26,1,159.92
3805,46,3,43.99
3805,7,1,162.52
3805,25,2,136.93
3806,5,2,20.72
3806,45,1,42.41
3806,11,2,138.88
3806,38,2,142.65
3807,19,3,55.49
3807,14,2,38.81
3807,31,1,130.08
3808,46,2,43.22
3808,4,2,113.04
3808,28,1,70.04
3808,46,2,93.21
3809,36,2,71.5
3810,39,2,187.22
3810,48,3,97.39
3811,17,1,181.09
3811,15,2,56.09
3811,10,3,109.91
3812,15,1,156.7
3813,3,3,30.09
3814,8,3,129.18
3814,32,1,75.5
3814,9,1,108.89
3815,44,1,73.71
3815,11,3,69.65
3815,6,1,100.6
3816,5,3,26.43
3817,9,1,180.01
3817,36,3,187.44
3817,7,3,162.21
3817,36,2,17.87
3818,44,2,34.37
3818,19,2,141.81
3818,15,1,150.81
3819,17,3,10.0
3820,46,3,18.58
3820,35,3,24.57
3821,30,1,115.53
3821,12,3,13.56
3821,4,2,29.49
3822,2,3,76.29
3822,13,1,78.83
3822,27,1,111.94
3823,50,2,17.57
3823,1,1,65.08
3823,36,1,199.27
3824,30,2,107.63
3824,11,3,54.42
3825,31,2,18.22
3825,49,2,75.79
3825,8,1,134.31
3826,39,1,51.27
3826,13,2,42.41
3826,12,1,147.13
3826,36,3,126.92
3827,2,1,36.79
3827,44,2,199.96
3828,7,1,26.81
3828,2,2,155.76
3828,1,3,10.64
3829,25,2,148.44
3829,21,3,97.2
3830,8,2,196.37
3830,16,3,102.64
3830,34,1,65.73
3830,45,3,137.92
3831,39,2,162.47
3831,14,3,148.62
3831,34,3,35.62
3831,42,3,23.01
3832,30,1,199.03
3833,31,2,132.52
3833,31,2,139.06
3834,46,3,129.8
3834,29,1,154.94
3835,23,3,42.47
3836,11,2,87.59
3837,40,1,28.04
3838,22,1,59.44
3838,27,2,144.64
3838,3,2,36.25
3839,8,2,27.84
3839,2,2,193.83
3839,21,3,113.19
3840,43,3,59.68
3840,28,2,70.36
3840,23,2,73.36
3841,44,3,158.91
3842,17,3,117.84
3843,4,1,46.53
3843,46,3,36.18
3843,47,2,96.08
3844,45,2,84.12
3844,36,2,122.77
3844,12,2,178.84
3844,2,1,187.67
3845,25,1,40.35
3845,31,3,33.15
3845,41,3,11.85
3845,39,1,135.09
3846,7,3,82.49
3846,16,2,191.67
3846,6,2,18.22
3846,29,3,133.09
3847,43,3,111.82
3848,3,3,145.27
3848,8,3,189.87
3848,45,3,17.53
3848,45,1,40.49
3849,27,3,197.3
3849,1,2,73.09
3850,41,1,134.5
3850,12,3,84.86
3850,25,1,149.43
3851,39,2,108.43
3851,46,2,148.5
3851,6,1,71.31
3852,41,2,196.47
3852,21,1,191.34
3853,6,1,109.13
3853,49,2,28.0
3854,31,3,65.03
3854,44,3,73.84
3855,49,3,197.53
3855,19,1,47.77
3855,24,1,113.39
3856,21,3,158.9
3856,6,2,20.25
3856,37,2,21.42
3857,10,3,85.83
3857,30,1,35.48
3858,27,1,42.88
3858,30,1,119.69
3859,20,1,176.73
3859,6,3,59.74
3860,37,1,20.71
3860,32,1,105.83
3860,45,1,28.98
3860,45,2,81.73
3861,48,3,37.08
3861,43,3,137.72
3861,50,1,54.03
3861,6,3,11.05
3862,14,1,165.24
3862,20,1,141.78
3862,43,2,122.22
3862,40,2,44.92
3863,46,3,182.64
3863,12,1,197.39
3863,25,2,42.85
3863,16,3,156.09
3864,46,3,184.26
3864,43,2,86.82
3864,34,3,42.0
3864,5,3,85.81
3865,2,1,61.45
3866,30,2,117.63
3866,29,3,152.5
3866,17,1,168.55
3867,22,3,197.24
3867,38,3,95.51
3867,24,1,145.09
3868,47,1,30.3
3868,3,3,39.12
3868,10,2,145.29
3868,39,3,127.83
3869,1,1,155.3
3869,33,3,30.44
3869,21,1,106.23
3870,12,2,148.34
3870,16,3,104.91
3870,48,2,132.86
3870,20,1,43.59
3871,21,2,90.15
3871,19,2,189.4
3872,2,2,113.34
3872,34,2,179.38
3872,19,3,24.66
3872,48,2,112.36
3873,44,2,60.63
3873,21,3,105.41
3873,31,3,25.57
3874,23,2,84.06
3874,27,3,185.21
3874,11,3,181.77
3875,14,2,80.79
3875,26,3,54.42
3875,45,1,106.28
3875,21,2,101.8
3876,12,3,49.14
3876,42,3,38.26
3876,10,3,39.89
3876,28,2,154.66
3877,7,1,84.37
3878,44,2,153.56
3879,10,2,190.01
3879,20,2,31.35
3880,26,3,29.04
3880,41,1,55.72
3881,38,2,128.54
3881,1,2,10.02
3881,50,1,21.83
3882,34,3,136.31
3882,46,3,40.66
3882,5,2,103.26
3883,36,3,16.37
3883,18,1,185.35
3883,49,2,122.25
3883,19,2,64.94
3884,3,1,102.76
3884,47,2,128.7
3885,17,2,41.64
3885,37,3,69.56
3885,8,1,117.03
3886,17,1,171.28
3886,48,1,47.3
3886,45,3,199.35
3887,36,2,105.11
3887,19,2,25.58
3888,48,3,91.06
3888,31,2,65.94
3888,43,3,123.46
3888,4,1,183.81
3889,2,3,71.84
3890,4,3,15.12
3891,41,1,181.14
3892,3,2,111.67
3892,6,1,162.4
3892,13,3,109.66
3892,47,1,75.38
3893,10,1,96.22
3894,4,1,14.88
3895,31,2,151.35
3895,49,1,86.87
3895,5,2,166.3
3895,21,1,183.82
3896,18,3,13.99
3896,39,1,132.08
3896,40,2,104.22
3896,42,3,195.35
3897,36,1,169.51
3897,26,3,86.28
3897,31,1,57.48
3897,5,3,55.82
3898,4,2,80.86
3899,41,1,56.66
3900,9,1,19.91
3900,11,1,99.13
3901,14,3,134.66
3901,36,2,13.82
3901,13,3,197.37
3901,22,1,77.27
3902,17,1,158.08
3902,39,3,120.77
3902,27,2,23.09
3903,33,2,170.0
3903,41,3,134.04
3904,1,2,134.74
3904,23,1,161.78
3904,35,3,76.25
3905,10,2,62.22
3905,48,2,130.82
3906,15,2,65.99
3906,40,1,166.75
3906,14,2,45.24
3907,47,1,112.83
3907,12,2,146.4
3908,40,3,38.13
3908,10,3,122.47
3909,5,1,69.53
3909,49,3,10.24
3909,50,3,57.19
3909,44,2,186.48
3910,44,2,123.54
3910,23,3,114.02
3910,3,2,20.33
3910,49,1,174.63
3911,7,1,42.35
3911,7,2,61.96
3911,39,1,101.76
3911,49,1,118.87
3912,18,3,109.06
3912,12,2,101.96
3913,40,2,26.33
3913,28,2,152.98
3913,32,3,164.72
3914,15,2,75.08
3914,3,1,164.0
3915,46,1,85.65
3915,31,2,83.26
3915,13,1,60.6
3916,33,3,52.77
3916,9,3,119.66
3916,46,2,12.35
3916,34,1,69.62
3917,18,1,173.15
3917,30,1,199.23
3917,13,2,171.31
3918,10,2,66.01
3919,36,3,170.66
3920,23,1,96.57
3920,28,3,147.03
3920,31,3,164.92
3920,44,3,18.0
3921,14,2,67.8
3921,10,2,86.94
3921,16,2,36.87
3921,12,2,181.97
3922,35,2,72.52
3922,38,1,89.89
3922,49,3,115.92
3922,28,2,59.29
3923,50,3,125.82
3923,11,1,52.04
3923,25,3,72.39
3923,18,3,14.12
3924,30,2,164.36
3924,24,2,134.2
3924,14,3,151.23
3925,30,3,126.18
3925,36,3,138.6
3926,20,3,75.72
3926,20,3,44.55
3926,17,2,24.24
3927,37,1,15.13
3927,23,1,151.2
3927,33,2,43.04
3927,20,3,180.7
3928,26,2,179.94
3928,7,3,160.47
3929,32,3,174.18
3929,20,2,109.59
3929,24,1,51.52
3930,26,2,197.99
3930,5,2,38.38
3930,50,2,177.03
3930,46,3,104.79
3931,10,2,90.51
3931,43,2,101.53
3932,13,1,187.23
3932,20,3,127.33
3932,26,3,36.38
3932,13,2,79.06
3933,40,2,69.59
3933,48,3,134.84
3933,13,2,179.33
3933,2,3,73.25
3934,41,3,20.22
3934,23,2,107.24
3934,28,2,118.19
3934,44,3,44.32
3935,45,3,89.07
3935,8,2,76.78
3935,41,2,130.52
3936,35,1,170.51
3937,8,3,42.98
3937,28,2,65.57
3937,28,1,163.04
3938,3,1,162.81
3939,2,3,14.58
3940,25,3,178.94
3941,36,2,48.46
3941,42,2,45.73
3941,12,2,165.37
3942,20,3,37.73
3943,45,3,152.17
3943,1,1,151.88
3944,32,2,77.66
3944,39,3,197.95
3944,22,1,74.89
3944,23,3,18.37
3945,44,3,12.7
3945,22,2,129.89
3945,33,3,55.7
3946,3,2,172.54
3946,19,3,59.26
3946,20,1,38.53
3946,50,3,121.46
3947,31,1,47.68
3947,4,2,34.83
3948,35,1,143.56
3948,43,1,191.05
3948,12,2,191.95
3948,47,2,176.78
3949,34,1,129.09
3949,43,2,185.55
3949,35,1,128.17
3949,46,3,154.36
3950,11,3,68.9
3950,43,2,93.18
3951,47,1,98.97
3952,44,1,89.49
3952,19,2,119.61
3952,43,3,10.47
3952,42,1,99.71
3953,34,3,45.45
3954,21,3,80.06
3954,20,2,60.2
3955,47,2,128.26
3955,8,3,144.36
3955,42,2,173.55
3956,12,1,189.34
3956,17,1,160.72
3957,37,3,114.16
3957,15,1,61.01
3958,38,2,40.03
3958,12,3,168.65
3958,38,3,163.51
3959,17,3,163.77
3959,46,1,105.67
3959,39,2,84.04
3960,21,3,189.34
3960,47,3,21.35
3960,21,3,50.03
3961,37,3,78.87
3961,27,1,91.92
3961,13,1,25.87
3962,37,3,78.4
3962,5,2,90.67
3963,49,2,77.85
3963,14,3,36.92
3964,7,2,158.79
3965,5,1,33.55
3966,44,1,110.8
3966,11,3,106.42
3966,18,1,21.83
3966,29,1,64.9
3967,30,3,63.59
3967,45,2,122.7
3967,4,3,55.35
3967,9,2,151.44
3968,41,1,141.86
3968,22,1,165.45
3968,48,1,27.29
3969,1,3,163.5
3970,44,1,102.86
3970,23,3,26.53
3970,25,3,116.65
3970,19,3,19.37
3971,25,1,146.31
3972,38,1,103.83
3973,7,2,73.17
3973,21,2,118.06
3973,11,2,74.04
3973,8,3,95.65
3974,8,2,99.63
3974,12,1,59.5
3975,12,2,87.6
3975,10,3,129.15
3976,14,2,29.51
3976,34,2,144.79
3976,34,2,24.59
3976,42,2,61.47
3977,3,1,82.7
3977,10,3,198.89
3978,39,1,51.23
3978,13,1,14.88
3978,28,3,60.22
3978,26,2,121.9
3979,47,2,197.55
3979,36,2,61.76
3979,11,1,140.86
3980,47,2,10.59
3981,31,2,98.53
3982,31,3,30.04
3982,3,1,199.52
3982,32,3,77.21
3982,31,3,181.89
3983,10,3,81.74
3983,40,3,198.9
3983,34,1,83.86
3983,8,1,103.04
3984,39,1,136.45
3985,30,2,112.31
3985,50,1,37.95
3985,4,1,130.65
3985,12,2,187.74
3986,26,2,177.58
3986,28,1,79.7
3987,10,3,135.25
3988,37,2,68.87
3988,21,3,87.55
3989,16,1,163.75
3989,40,3,173.22
3990,3,1,115.73
3991,39,3,150.91
3991,50,1,47.92
3992,15,3,32.59
3993,40,1,190.38
3993,31,3,67.57
3993,16,1,52.44
3994,7,3,130.03
3994,29,2,99.49
3995,18,1,84.24
3995,2,1,176.06
3996,42,2,100.37
3997,6,2,156.28
3998,15,2,74.57
3998,17,1,180.93
3998,2,3,128.44
3999,47,2,104.78
4000,21,1,82.7
4001,30,1,72.11
4001,45,3,199.09
4001,49,1,164.0
4002,34,2,29.04
4002,22,2,129.45
4002,6,2,57.33
4002,37,1,114.82
4003,28,3,47.13
4004,1,1,33.79
4004,30,2,162.32
4004,13,3,103.73
4005,8,2,174.54
4005,16,1,130.68
4006,45,3,90.28
4006,41,3,194.89
4006,23,2,69.68
4006,18,1,135.05
4007,21,1,92.45
4007,40,2,127.49
4007,38,2,68.46
4008,35,2,35.78
4008,50,2,78.8
4008,16,2,177.98
4009,28,3,187.57
4009,7,2,86.59
4009,44,2,151.82
4010,9,2,141.44
4010,17,3,23.9
4011,13,2,133.18
4011,22,2,96.68
4011,20,1,196.84
4012,18,3,122.59
4012,2,1,85.89
4012,10,1,42.05
4013,42,1,137.49
4014,42,3,155.89
4015,28,3,57.91
4015,11,1,98.08
4015,12,1,193.84
4016,1,1,84.29
4017,40,3,27.04
4017,36,2,84.11
4017,50,2,189.08
4018,37,2,81.6
4019,8,3,186.19
4019,1,2,41.7
4019,30,2,66.53
4020,40,3,137.58
4020,38,3,134.74
4020,3,1,100.44
4021,48,3,143.0
4021,47,2,196.86
4021,21,1,132.34
4022,30,2,163.23
4022,44,2,47.45
4022,20,2,39.95
4023,33,1,143.86
4023,36,1,176.89
4023,47,2,59.46
4023,24,3,21.65
4024,30,1,189.34
4025,22,3,173.4
4026,11,3,43.44
4026,42,1,120.48
4026,42,1,158.0
4026,14,3,103.29
4027,19,3,32.63
4027,47,3,132.95
4028,27,3,130.72
4028,4,3,102.24
4028,11,1,22.42
4028,21,2,91.75
4029,38,2,47.07
4030,36,2,33.62
4030,43,2,46.64
4030,10,1,125.15
4030,13,2,96.03
4031,28,1,147.02
4032,25,2,36.9
4032,37,2,119.64
4033,3,2,73.51
4033,18,3,75.28
4034,2,3,198.56
4034,36,1,130.82
4035,10,1,42.12
4035,15,1,126.78
4036,18,1,29.8
4036,44,1,63.84
4037,13,1,62.33
4037,7,2,162.26
4037,16,1,129.35
4037,9,3,59.83
4038,27,3,42.04
4038,19,2,192.97
4039,10,2,133.5
4039,46,2,175.78
4039,6,3,134.03
4040,14,3,114.86
4040,46,2,157.26
4040,39,1,110.22
4041,50,2,146.01
4041,44,3,53.31
4041,29,1,45.67
4042,47,3,118.14
4043,42,3,53.94
4044,47,2,128.68
4044,28,3,54.14
4045,24,3,33.84
4045,9,2,50.39
4045,23,1,72.06
4046,22,2,10.54
4046,7,2,126.87
4046,22,3,27.09
4047,21,3,78.72
4048,3,1,72.24
4048,41,1,68.15
4048,40,2,94.69
4048,24,1,74.95
4049,17,3,99.74
4049,24,1,163.06
4049,49,2,121.37
4050,17,3,192.07
4050,38,3,121.68
4050,49,2,32.83
4050,29,2,101.02
4051,6,1,34.24
4051,8,2,25.75
4051,19,1,62.63
4051,28,2,192.12
4052,39,1,186.31
4052,19,1,130.62
4052,45,1,164.74
4053,35,1,186.6
4054,35,1,153.99
4054,18,1,40.24
4055,42,2,13.45
4055,46,3,189.84
4055,40,1,163.95
4056,22,2,163.2
4056,1,3,73.48
4056,14,1,39.62
4056,6,1,106.71
4057,25,3,80.9
4057,49,3,15.09
4058,1,1,50.05
4058,4,1,148.92
4059,34,3,71.27
4059,17,2,26.99
4059,25,1,153.47
4059,29,1,121.68
4060,10,1,53.01
4060,44,3,23.34
4060,41,1,116.55
4061,2,1,130.27
4061,25,1,128.66
4061,44,2,191.35
4061,33,3,138.75
4062,40,3,19.03
4063,4,2,49.98
4064,49,3,14.89
4064,8,3,128.49
4064,44,1,84.77
4065,17,3,157.25
4065,24,2,186.47
4065,7,2,115.98
4065,22,3,50.92
4066,36,1,44.17
4066,40,1,154.7
4067,50,2,149.26
4067,16,3,12.81
4067,44,2,51.68
4067,29,2,197.32
4068,21,2,11.5
4068,22,3,142.88
4069,33,2,96.5
4069,12,1,30.85
4069,16,3,84.57
4070,9,2,113.43
4071,47,1,83.01
4071,3,2,152.55
4071,25,2,71.68
4071,19,2,137.45
4072,3,2,132.48
4072,40,3,45.54
4072,10,2,29.39
4072,7,3,39.29
4073,13,3,179.68
4073,41,2,185.25
4074,23,3,143.19
4074,26,2,18.87
4074,15,2,46.74
4074,48,3,32.24
4075,35,3,51.2
4075,8,2,121.62
4075,15,3,82.95
4075,11,1,110.7
4076,22,1,195.37
4077,29,3,119.37
4077,2,2,157.46
4077,3,1,183.88
4078,31,3,88.1
4078,10,1,127.51
4079,50,1,40.8
4079,44,1,100.07
4079,33,3,160.97
4079,39,1,145.77
4080,6,3,188.61
4081,10,1,133.1
4081,4,3,95.81
4081,46,1,60.54
4082,44,1,31.36
4083,13,3,166.94
4084,30,2,118.14
4084,1,1,53.96
4085,36,3,23.5
4085,39,1,198.61
4086,44,3,42.41
4086,25,1,75.98
4086,4,1,184.64
4086,4,1,170.74
4087,45,1,74.98
4088,27,1,195.89
4088,39,3,59.53
4088,48,1,49.57
4088,29,2,121.61
4089,28,1,39.5
4090,39,2,177.71
4090,15,1,159.64
4090,46,3,138.89
4090,37,1,152.41
4091,20,2,109.96
4091,3,3,187.12
4091,18,3,114.74
4092,21,2,42.88
4092,43,3,60.23
4092,35,2,134.95
4092,8,3,61.75
4093,32,1,38.74
4093,17,1,40.99
4093,22,2,137.19
4094,42,3,178.74
4094,26,2,23.89
4095,33,3,106.4
4095,42,2,31.37
4095,36,3,50.07
4095,33,1,199.41
4096,43,3,168.9
4096,10,1,113.24
4097,3,1,121.78
4097,45,3,157.98
4097,38,2,110.89
4097,13,1,131.45
4098,16,3,171.31
4099,21,3,99.07
4099,45,1,95.13
4099,43,1,27.64
4100,3,3,16.02
4101,23,2,149.13
4101,48,1,43.03
4101,29,3,43.45
4101,41,3,106.33
4102,45,1,193.66
4103,46,2,182.75
4103,9,1,82.48
4103,16,1,44.61
4103,22,2,160.78
4104,50,2,152.56
4104,25,1,19.69
4105,27,2,163.36
4105,17,3,24.55
4105,34,3,67.75
4106,48,2,196.53
4107,45,1,195.57
4108,7,3,97.6
4108,39,3,66.0
4108,6,3,106.87
4109,15,1,188.55
4110,32,1,159.95
4111,26,2,110.78
4112,23,3,29.13
4112,23,1,40.15
4112,4,3,66.51
4113,3,2,108.62
4113,26,2,111.82
4114,13,2,137.76
4115,37,3,68.03
4115,4,1,161.14
4116,2,2,64.01
4116,12,1,61.7
4116,36,1,186.07
4117,11,3,56.93
4118,8,2,63.28
4118,16,3,130.38
4119,8,2,51.59
4119,13,1,13.23
4119,43,1,160.05
4120,42,2,122.52
4120,46,2,138.96
4120,24,2,163.44
4121,24,2,64.4
4121,12,2,151.86
4121,35,1,136.07
4122,46,3,186.44
4122,41,2,18.24
4122,50,2,20.67
4122,14,3,111.35
4123,49,1,27.14
4123,7,1,82.26
4124,37,1,47.69
4124,7,2,161.46
4124,29,2,44.77
4124,45,1,193.02
4125,39,3,160.36
4126,18,1,119.73
4126,49,3,151.7
4127,43,3,76.17
4127,31,3,12.31
4127,10,1,74.92
4128,10,2,86.17
4128,31,2,22.2
4129,43,2,125.54
4130,25,2,130.16
4130,25,2,90.2
4130,1,3,68.67
4130,3,1,108.45
4131,44,2,184.73
4131,40,3,41.42
4131,28,1,91.27
4132,5,3,55.31
4132,39,2,33.81
4132,27,1,91.35
4133,1,1,152.0
4133,6,2,196.49
4133,5,2,46.48
4134,15,3,185.16
4134,41,3,155.96
4134,31,2,82.54
4134,8,2,167.06
4135,44,1,95.08
4135,4,1,164.45
4135,50,2,135.44
4135,22,3,108.71
4136,33,2,188.12
4136,22,2,162.35
4136,28,1,18.85
4137,9,1,164.16
4137,49,2,45.27
4137,21,2,99.34
4137,14,2,145.87
4138,4,2,154.87
4139,28,3,76.28
4139,3,2,51.13
4139,17,2,66.65
4139,18,3,146.02
4140,38,1,58.2
4140,47,3,199.01
4140,46,2,112.67
4141,22,2,69.07
4141,40,1,191.54
4142,24,3,23.21
4143,37,3,111.64
4144,38,1,104.1
4145,16,2,156.72
4145,13,3,163.48
4145,41,3,128.86
4146,29,1,36.87
4146,27,1,131.34
4146,24,1,30.14
4146,31,3,126.25
4147,49,3,116.36
4147,44,1,165.15
4147,40,3,130.38
4148,43,1,99.52
4148,3,3,59.45
4148,43,1,25.01
4148,49,3,73.77
4149,4,3,130.15
4149,29,2,163.83
4149,21,3,148.79
4150,23,3,30.35
4150,12,2,120.08
4151,45,3,84.15
4151,9,2,63.42
4152,7,1,59.42
4152,39,1,79.63
4152,21,1,27.47
4152,17,2,74.1
4153,45,1,197.0
4153,33,2,18.64
4153,18,2,130.02
4154,35,2,194.98
4155,2,1,160.89
4155,41,3,38.55
4156,2,2,112.5
4156,14,3,16.36
4156,35,2,92.62
4157,49,2,173.35
4157,21,3,71.35
4157,42,1,100.99
4157,32,1,98.81
4158,26,2,21.57
4158,26,3,93.06
4159,25,1,28.65
4159,24,1,54.0
4159,27,2,59.53
4159,33,3,10.17
4160,47,1,170.33
4161,32,3,172.63
4161,36,3,47.37
4161,18,3,80.74
4161,17,3,163.79
4162,42,1,160.02
4162,9,3,166.05
4162,25,2,57.76
4163,23,2,186.45
4163,4,3,12.0
4163,23,1,81.42
4164,39,2,132.34
4164,34,2,53.57
4165,26,3,107.94
4165,31,3,64.74
4166,12,3,32.52
4167,17,3,118.77
4167,2,1,147.93
4167,32,2,41.43
4167,42,3,57.61
4168,19,3,124.05
4169,14,3,170.73
4169,25,3,98.45
4170,36,2,39.04
4170,9,1,145.62
4171,23,2,43.91
4171,17,3,188.88
4171,23,1,195.78
4172,50,1,143.05
4172,1,1,18.39
4172,6,2,33.18
4173,37,3,109.84
4173,42,1,74.92
4174,8,1,131.2
4174,24,1,67.27
4174,25,2,60.21
4174,23,1,84.38
4175,28,1,16.48
4175,23,2,120.37
4175,10,3,158.46
4176,4,1,70.24
4177,3,1,61.68
4178,25,2,134.03
4178,15,3,73.77
4179,18,1,193.35
4179,40,1,62.0
4179,21,3,156.23
4179,34,2,42.65
4180,11,2,192.99
4180,37,2,113.72
4181,39,1,156.75
4181,42,3,143.45
4182,38,2,107.87
4182,38,3,186.46
4183,25,3,59.11
4183,42,3,39.75
4184,5,1,184.66
4184,29,3,70.07
4185,31,3,121.2
4185,35,3,79.17
4186,30,2,148.26
4186,18,3,113.3
4186,14,3,131.02
4186,34,2,197.47
4187,15,2,164.54
4187,40,3,67.11
4187,13,3,158.55
4188,43,2,124.45
4188,33,1,72.88
4189,35,3,12.87
4189,23,2,40.91
4189,7,3,51.57
4190,32,1,50.16
4191,43,3,190.83
4191,14,2,79.75
4191,13,1,124.44
4192,34,1,24.92
4192,22,1,61.35
4193,44,3,199.16
4193,6,1,143.72
4194,31,3,42.38
4195,14,2,183.61
4195,38,1,117.23
4195,16,2,140.35
4195,35,2,60.9
4196,35,3,76.48
4196,30,3,151.79
4196,29,2,187.82
4196,13,2,67.47
4197,35,1,169.67
4197,22,3,178.88
4197,40,1,26.95
4198,7,2,77.65
4198,16,2,91.19
4198,38,2,16.23
4198,29,1,167.77
4199,37,2,125.28
4199,18,2,198.27
4199,9,3,144.08
4199,8,2,105.12
4200,8,2,167.81
4200,19,2,81.08
4200,13,2,189.62
4200,26,1,59.55
4201,30,3,117.94
4201,42,1,104.21
4202,20,3,60.82
4202,1,2,66.91
4202,50,1,56.86
4202,27,2,149.33
4203,35,2,89.67
4203,36,2,135.3
4203,3,1,165.77
4204,38,1,173.41
4204,26,1,84.45
4204,9,1,32.74
4205,3,1,49.74
4205,32,3,21.23
4205,21,2,67.45
4205,4,2,68.7
4206,32,1,175.7
4206,6,3,117.91
4206,10,3,184.59
4206,1,1,75.34
4207,6,2,83.32
4207,33,2,102.41
4208,8,2,165.6
4208,45,1,15.8
4208,20,3,122.9
4208,27,1,17.96
4209,38,1,194.27
4209,24,1,157.66
4209,1,3,112.42
4209,16,1,82.61
4210,24,3,123.05
4210,15,1,133.16
4210,22,2,195.63
4211,10,3,135.39
4212,43,1,58.96
4213,8,2,184.32
4214,45,3,30.3
4214,29,2,176.02
4214,25,1,67.82
4214,14,1,52.12
4215,2,1,168.48
4216,1,1,44.93
4216,3,1,141.38
4217,3,3,172.44
4217,15,1,147.36
4218,47,2,199.04
4218,14,2,123.27
4218,12,2,42.07
4219,31,3,137.05
4220,36,1,128.51
4220,34,1,66.26
4221,28,3,33.08
4221,18,3,100.77
4221,35,1,135.06
4222,17,1,72.41
4223,30,1,142.05
4223,44,1,32.71
4223,13,1,100.87
4223,46,3,35.66
4224,26,3,185.68
4225,17,1,72.14
4225,18,1,37.02
4225,7,2,168.54
4226,35,3,160.95
4226,15,1,146.13
4226,6,3,80.06
4226,23,1,131.57
4227,12,3,56.97
4228,34,2,14.51
4228,29,2,81.64
4228,47,2,130.58
4229,4,2,14.38
4229,50,2,33.19
4230,8,3,122.28
4231,21,3,31.1
4232,19,3,128.05
4233,19,3,101.63
4233,39,1,28.56
4234,32,2,136.29
4234,31,2,144.9
4234,15,2,155.89
4234,37,3,21.32
4235,49,1,16.82
4235,28,3,43.64
4236,20,3,173.61
4237,48,3,135.09
4238,45,1,89.31
4238,32,3,82.36
4238,39,1,81.9
4238,42,1,73.9
4239,47,3,62.75
4239,5,2,103.62
4239,15,2,143.1
4240,48,3,52.27
4240,47,1,97.38
4241,20,3,72.3
4242,6,1,189.35
4242,33,1,22.22
4242,4,1,118.18
4243,47,3,61.47
4243,3,3,89.87
4243,42,1,142.99
4243,33,1,93.6
4244,15,1,160.71
4244,39,1,139.46
4244,35,2,14.78
4244,28,2,199.78
4245,19,1,53.5
4245,46,2,78.32
4245,2,2,92.91
4246,31,3,23.77
4246,32,3,123.32
4246,25,3,152.51
4246,30,1,100.24
4247,40,2,84.31
4248,14,2,119.56
4248,3,1,107.67
4249,34,2,100.38
4249,18,3,31.06
4249,36,2,28.49
4250,37,2,56.56
4250,29,2,22.56
4251,40,2,67.97
4251,28,1,128.55
4251,43,1,145.59
4252,48,1,181.5
4252,26,1,186.8
4252,20,1,186.66
4252,4,2,21.61
4253,31,2,99.71
4254,42,1,139.14
4255,30,2,116.48
4255,9,1,97.66
4256,28,1,20.98
4256,49,3,198.26
4256,47,2,103.66
4257,44,3,143.48
4257,10,2,81.24
4257,11,3,184.63
4257,36,1,54.83
4258,8,1,188.7
4259,1,3,32.65
4260,31,1,193.23
4260,17,2,57.0
4260,22,3,23.71
4260,8,2,90.69
4261,22,3,21.67
4261,28,2,106.17
4261,23,1,20.99
4261,17,1,40.18
4262,8,3,83.13
4262,38,1,67.79
4262,32,3,151.87
4262,30,3,120.92
4263,8,3,101.48
4263,27,1,193.79
4263,1,2,111.12
4264,31,3,123.29
4265,15,2,186.11
4266,22,3,124.87
4266,30,2,184.94
4266,46,3,98.64
4266,22,3,151.38
4267,42,1,20.64
4267,29,1,87.6
4267,19,1,173.44
4267,7,3,155.09
4268,19,1,104.31
4268,43,2,101.78
4269,38,2,183.59
4270,17,1,180.03
4270,16,1,96.77
4270,45,1,113.08
4271,3,2,118.97
4271,45,3,150.02
4271,25,3,23.96
4271,9,1,187.11
4272,28,3,33.1
4272,36,1,53.32
4272,13,2,59.72
4273,11,3,96.35
4273,35,1,29.58
4274,16,2,148.02
4274,8,3,140.82
4274,6,1,142.5
4275,2,3,56.66
4275,9,3,178.11
4276,28,1,198.06
4277,37,2,19.72
4278,41,1,46.08
4278,20,3,122.88
4278,10,1,19.62
4279,49,1,86.89
4279,18,1,133.68
4279,24,2,16.88
4279,5,2,143.91
4280,38,3,152.63
4280,8,1,161.13
4280,7,2,175.05
4280,47,2,120.41
4281,32,1,148.52
4282,17,2,161.9
4283,18,1,21.64
4283,32,1,25.88
4283,24,2,88.08
4283,15,1,109.79
4284,32,1,44.79
4284,35,1,151.53
4284,48,1,61.4
4284,19,3,123.39
4285,37,1,55.17
4285,43,2,160.06
4286,19,3,56.38
4287,45,2,43.75
4287,49,1,79.7
4288,18,1,26.2
4288,45,2,106.02
4288,44,2,131.12
4288,48,2,141.76
4289,13,1,60.73
4289,17,1,178.98
4289,2,1,198.56
4289,22,1,103.7
4290,10,1,60.61
4290,39,3,69.61
4291,14,1,17.91
4291,48,1,158.5
4291,19,3,198.47
4292,29,1,127.03
4292,1,3,35.59
4293,32,3,64.38
4293,6,1,18.44
4293,48,2,22.98
4294,12,2,43.75
4295,24,2,22.89
4295,31,2,72.13
4295,38,2,195.73
4295,12,3,62.43
4296,23,1,138.7
4297,22,2,167.81
4297,15,3,140.52
4297,36,1,107.04
4297,20,3,188.28
4298,3,3,178.69
4298,20,2,77.01
4298,46,3,72.84
4298,38,2,177.44
4299,35,3,10.88
4300,39,3,142.81
4300,27,1,46.66
4301,49,1,135.08
4301,7,1,155.76
4301,44,3,140.62
4301,22,2,91.46
4302,45,2,17.51
4302,13,3,133.59
4303,10,1,13.49
4303,20,1,194.59
4303,19,2,24.16
4303,45,1,148.59
4304,30,2,81.88
4304,30,2,23.9
4304,37,3,48.0
4305,17,2,141.18
4306,37,2,38.64
4306,49,2,15.21
4306,21,1,184.6
4306,22,2,97.66
4307,30,2,199.83
4307,10,1,58.4
4307,39,2,107.89
4307,9,1,83.58
4308,16,3,162.53
4308,1,2,18.91
4309,15,3,61.24
4310,24,1,77.31
4310,33,3,40.49
4311,24,2,15.75
4311,10,2,104.9
4312,9,3,186.9
4312,44,2,98.21
4312,38,3,155.64
4312,43,3,131.06
4313,2,1,50.27
4313,10,2,11.11
4314,41,1,87.44
4314,46,2,141.02
4314,39,3,122.73
4314,3,1,178.96
4315,42,1,69.08
4315,49,3,28.26
4316,46,2,75.08
4316,2,2,156.81
4317,2,3,50.66
4317,37,2,67.17
4317,17,3,84.44
4317,49,3,108.66
4318,25,1,69.18
4318,37,3,76.33
4318,2,2,66.96
4318,13,1,26.02
4319,28,1,167.32
4319,39,2,147.92
4319,2,3,19.73
4320,1,3,144.66
4320,6,2,115.34
4320,5,2,146.28
4321,3,3,11.42
4321,20,1,194.05
4321,12,1,50.4
4321,7,3,124.4
4322,11,1,42.86
4323,33,1,152.55
4323,8,2,121.15
4323,29,2,129.52
4324,37,1,87.65
4324,10,2,77.06
4324,17,2,71.82
4325,33,1,111.2
4325,5,3,176.54
4325,9,2,68.55
4325,17,2,188.09
4326,42,3,178.2
4326,9,1,14.12
4326,14,2,19.28
4326,33,1,147.03
4327,50,3,41.48
4328,10,3,18.36
4328,16,3,57.27
4328,10,1,121.57
4328,7,2,94.66
4329,43,1,129.84
4329,40,2,82.05
4330,5,2,53.7
4330,50,3,93.53
4330,24,1,125.44
4331,18,1,85.85
4331,42,3,32.0
4331,33,2,106.69
4332,33,1,174.54
4332,42,1,42.04
4332,2,2,174.4
4333,7,1,137.53
4333,9,2,84.4
4333,5,2,186.54
4333,17,3,83.6
4334,21,2,48.58
4334,16,3,69.89
4334,18,2,148.62
4335,21,1,194.36
4335,11,2,155.18
4335,28,3,123.17
4335,21,3,197.78
4336,45,1,131.86
4337,24,3,33.08
4337,35,2,82.35
4337,32,3,43.56
4338,31,1,147.0
4338,12,3,154.0
4339,49,2,164.31
4340,23,2,140.79
4340,21,1,23.87
4340,40,1,62.03
4340,46,1,55.38
4341,47,3,198.83
4342,43,3,29.1
4342,24,2,78.04
4342,42,2,122.87
4343,2,2,34.38
4344,35,3,184.36
4344,48,3,13.24
4344,20,2,185.47
4344,48,3,10.94
4345,34,2,107.66
4345,44,3,192.94
4345,41,1,59.52
4346,4,1,136.45
4346,14,1,32.38
4347,47,3,140.91
4347,37,3,177.44
4347,24,2,103.83
4347,3,1,20.12
4348,27,1,120.15
4348,29,1,60.85
4348,44,1,111.75
4349,32,2,153.44
4350,21,1,124.44
4350,28,3,144.08
4350,23,2,193.71
4350,27,3,67.4
4351,23,3,156.82
4351,14,2,162.73
4351,20,1,199.56
4351,39,2,122.19
4352,42,2,101.84
4352,34,2,76.31
4352,36,2,29.26
4352,5,2,147.58
4353,48,3,29.85
4353,31,1,124.01
4354,33,2,50.01
4355,48,1,95.81
4355,25,2,137.52
4355,36,3,135.96
4355,1,2,55.43
4356,36,1,95.79
4356,12,1,77.56
4356,38,1,30.63
4357,45,3,165.25
4358,11,1,41.08
4358,26,2,177.19
4359,15,3,96.68
4359,11,1,84.87
4360,30,1,149.83
4360,26,2,54.88
4360,41,2,139.92
4360,20,3,186.29
4361,5,1,56.28
4361,49,3,136.91
4361,36,1,41.4
4362,25,2,73.17
4362,35,1,135.94
4362,8,1,69.38
4362,31,2,162.17
4363,21,1,158.11
4363,35,2,184.01
4363,36,1,190.92
4364,6,2,90.78
4364,24,3,122.77
4364,14,1,155.59
4364,43,2,186.24
4365,28,1,40.1
4365,46,2,115.92
4365,35,1,85.81
4366,12,1,169.12
4367,16,1,191.91
4367,40,3,31.28
4367,15,3,150.7
4368,11,3,34.12
4369,10,2,76.08
4369,48,1,187.94
4370,30,3,73.63
4370,22,2,24.76
4371,21,3,93.19
4371,7,3,193.78
4371,12,2,172.78
4371,47,2,81.65
4372,3,2,124.47
4373,42,3,110.74
4374,23,1,96.33
4374,5,1,120.48
4375,10,1,77.85
4375,28,1,81.11
4375,40,2,182.68
4375,38,2,158.81
4376,44,2,40.4
4377,39,2,154.16
4377,48,2,160.25
4377,43,1,174.65
4378,34,3,187.85
4378,19,1,171.46
4378,6,1,69.37
4378,39,1,110.47
4379,9,1,32.19
4379,26,2,156.08
4379,26,2,10.43
4379,49,3,50.03
4380,25,3,102.58
4380,16,2,154.22
4380,28,3,63.69
4380,38,3,101.67
4381,35,2,191.02
4381,32,2,100.62
4381,17,2,10.64
4381,19,3,162.64
4382,24,3,122.93
4383,14,3,161.93
4383,44,3,147.8
4383,2,1,93.23
4383,17,1,46.42
4384,22,2,66.1
4384,1,1,142.55
4385,15,3,67.65
4386,45,3,131.1
4386,43,2,65.68
4387,23,3,45.55
4388,16,2,152.3
4388,29,3,62.51
4389,12,2,39.5
4389,4,3,69.3
4390,7,2,23.46
4390,24,2,129.31
4390,38,1,88.33
4391,3,1,160.41
4391,40,3,194.63
4392,49,1,147.45
4393,27,1,160.77
4393,32,3,28.95
4393,29,3,62.33
4394,14,3,184.91
4394,32,3,53.08
4395,40,3,56.45
4395,13,3,36.58
4395,44,2,63.26
4396,27,3,97.03
4396,24,3,110.01
4397,33,1,36.94
4397,7,2,19.4
4397,45,2,117.94
4397,34,2,151.44
4398,34,2,154.03
4398,5,2,75.67
4398,27,1,189.42
4398,10,3,188.06
4399,36,2,71.45
4400,34,1,183.26
4400,29,3,163.46
4400,38,3,186.95
4401,43,1,77.27
4401,9,1,38.69
4402,12,3,103.63
4403,18,2,64.58
4404,33,2,136.96
4405,38,1,91.15
4405,17,3,74.27
4405,6,3,77.64
4406,43,3,193.66
4406,39,2,20.72
4406,32,1,80.2
4407,50,3,64.61
4408,16,1,56.93
4408,30,3,59.59
4409,30,1,119.25
4409,30,1,100.83
4410,22,3,192.77
4411,37,3,136.36
4411,39,1,154.67
4411,6,1,193.32
4412,30,1,185.59
4412,49,1,198.42
4412,31,3,111.95
4413,28,2,43.42
4413,10,1,55.26
4414,18,2,52.88
4414,8,1,12.34
4414,39,2,29.83
4415,5,3,160.46
4415,40,1,183.68
4415,33,1,156.39
4416,9,3,148.36
4417,37,2,144.89
4418,29,3,197.58
4418,49,1,147.46
4419,50,3,43.91
4419,7,3,131.44
4419,37,3,175.07
4420,8,2,123.47
4420,44,1,197.69
4421,37,2,105.05
4422,12,3,97.21
4422,20,3,79.78
4423,26,3,95.14
4423,32,1,64.13
4424,16,2,12.5
4424,39,2,179.47
4424,11,1,133.02
4425,44,3,167.59
4426,4,3,53.86
4427,32,3,156.44
4427,44,2,99.73
4427,42,2,167.98
4427,2,2,35.24
4428,1,2,108.51
4428,44,1,182.04
4428,35,1,197.37
4428,43,1,62.18
4429,32,3,121.13
4429,2,2,58.65
4430,8,3,192.3
4430,45,2,168.78
4430,13,3,101.4
4431,17,1,93.29
4431,16,3,40.53
4432,49,1,130.34
4432,17,2,90.81
4433,4,3,104.79
4433,19,2,51.85
4434,23,2,160.66
4434,14,1,61.83
4434,3,3,148.93
4435,1,2,193.12
4435,14,2,160.84
4435,42,1,194.23
4435,35,1,63.03
4436,38,1,132.6
4436,11,3,136.66
4436,47,2,132.11
4437,20,1,25.8
4437,38,2,145.36
4438,35,3,22.38
4438,23,2,92.12
4438,43,3,149.96
4438,8,2,55.57
4439,31,2,163.02
4439,24,2,100.99
4439,3,2,68.37
4440,32,3,52.11
4441,42,3,36.15
4441,24,2,14.75
4442,8,2,167.41
4443,40,2,110.58
4443,3,2,103.96
4443,46,2,170.81
4443,40,1,109.41
4444,33,3,147.28
4444,48,1,49.94
4445,25,1,90.72
4445,37,3,49.67
4445,18,1,190.08
4446,41,1,99.72
4446,38,1,132.3
4446,32,2,96.95
4447,28,1,184.07
4447,50,2,69.67
4447,24,2,68.01
4447,8,2,92.09
4448,21,1,159.62
4448,32,2,80.86
4448,33,1,174.59
4448,42,1,108.55
4449,48,2,114.5
4449,39,1,44.94
4449,23,2,70.97
4450,28,3,51.55
4451,2,1,136.52
4451,49,1,39.85
4451,37,3,191.48
4452,48,1,114.51
4452,12,2,78.87
4452,27,1,159.26
4452,38,2,167.77
4453,16,2,84.57
4453,31,3,92.52
4453,26,1,34.29
4454,11,1,82.6
4454,46,3,125.02
4454,27,1,17.1
4455,5,1,168.82
4455,25,2,37.41
4456,40,1,64.67
4456,7,2,75.92
4457,32,2,66.55
4457,8,2,29.6
4457,12,1,157.71
4458,19,1,87.42
4458,44,2,49.18
4458,29,1,12.68
4459,46,3,174.66
4459,48,2,157.56
4460,41,3,44.39
4460,16,1,135.06
4460,36,1,122.17
4461,41,2,72.04
4462,36,1,70.49
4462,32,1,72.82
4462,2,2,182.3
4463,13,2,130.54
4463,19,1,24.23
4463,16,3,64.16
4464,23,1,59.6
4464,24,1,76.74
4464,24,3,45.71
4465,38,1,128.24
4465,2,1,67.92
4465,23,3,171.06
4466,47,2,152.92
4466,29,1,182.35
4467,37,1,14.31
4467,48,3,134.53
4468,22,2,11.17
4468,42,3,119.92
4468,3,2,88.74
4469,23,1,21.76
4470,2,2,102.8
4470,22,2,159.63
4470,3,3,31.04
4471,4,2,21.83
4471,31,3,112.62
4472,45,2,87.17
4472,22,2,93.66
4472,38,2,100.4
4473,47,2,172.55
4473,48,1,39.45
4473,17,1,52.83
4474,39,1,136.67
4474,45,3,85.65
4475,17,3,185.48
4475,7,3,76.73
4475,31,2,122.47
4476,18,1,190.01
4476,50,3,73.84
4476,9,1,152.69
4476,9,1,99.55
4477,43,2,147.15
4477,45,1,40.3
4477,8,2,10.26
4478,25,3,179.83
4478,29,3,151.33
4478,37,3,124.04
4479,13,3,120.51
4479,2,1,17.86
4479,44,2,18.78
4480,29,1,156.09
4480,14,1,47.85
4480,17,3,39.87
4480,26,2,104.8
4481,28,1,92.44
4481,16,2,106.66
4481,27,1,47.88
4481,27,1,158.46
4482,35,2,173.33
4482,6,3,182.07
4482,47,1,140.4
4483,19,3,87.27
4483,18,1,19.92
4483,32,1,192.96
4484,8,1,43.33
4484,6,2,146.25
4484,9,3,88.72
4484,36,1,136.88
4485,30,2,176.83
4485,11,1,120.48
4485,12,3,51.6
4485,43,1,155.02
4486,21,3,37.82
4486,50,3,111.42
4486,7,3,92.07
4486,44,1,16.9
4487,18,1,15.48
4487,28,3,61.11
4488,4,1,70.25
4488,11,1,136.76
4488,12,2,176.86
4488,37,2,148.42
4489,9,2,89.67
4489,44,1,172.87
4489,22,1,168.06
4489,40,2,165.97
4490,44,1,89.09
4490,2,3,54.22
4490,18,2,178.33
4491,6,1,120.21
4491,25,2,136.5
4491,38,3,81.65
4491,37,3,19.33
4492,38,2,88.97
4492,35,2,198.76
4492,30,1,141.74
4493,19,1,26.76
4494,25,2,65.07
4494,42,2,106.7
4494,2,3,199.53
4494,24,1,109.34
4495,44,3,178.25
4495,24,1,10.78
4495,43,2,176.17
4496,12,3,45.32
4496,9,3,69.57
4496,41,3,89.71
4497,36,3,112.92
4497,8,3,46.16
4497,13,2,195.72
4497,40,2,152.02
4498,23,3,42.23
4498,8,3,137.96
4498,10,2,122.33
4499,20,1,65.49
4500,7,1,74.55
4501,33,1,70.6
4501,26,3,74.13
4501,33,2,123.06
4502,4,3,22.27
4502,39,2,87.33
4502,36,2,58.19
4502,17,2,46.74
4503,20,3,187.21
4503,27,3,161.36
4504,48,2,175.48
4504,10,1,148.04
4504,23,2,65.47
4505,26,2,148.3
4505,17,1,192.02
4505,21,2,111.56
4506,48,1,11.6
4507,27,3,11.24
4507,35,3,84.83
4508,27,2,187.54
4508,31,2,24.25
4508,1,3,178.27
4508,27,2,100.57
4509,31,2,35.93
4509,25,2,30.11
4509,16,1,121.78
4509,35,2,15.89
4510,46,3,77.73
4510,19,1,82.15
4511,6,1,77.93
4511,24,2,103.88
4511,48,2,149.78
4511,18,1,185.31
4512,19,1,83.81
4513,40,2,68.21
4513,42,1,113.22
4514,50,3,66.8
4514,3,1,161.2
4515,28,2,78.41
4516,41,1,39.86
4517,41,1,79.16
4517,4,3,163.46
4517,1,1,171.3
4518,1,3,131.69
4518,17,2,125.78
4518,1,1,40.35
4519,14,3,169.33
4520,22,3,15.52
4520,4,1,73.71
4521,39,1,48.55
4521,25,1,120.05
4522,25,2,26.87
4523,5,2,134.12
4524,44,3,50.12
4525,12,1,88.84
4525,42,2,65.94
4525,45,1,198.51
4525,19,2,187.49
4526,1,3,177.81
4526,14,2,137.24
4527,20,3,183.58
4527,39,2,124.48
4527,14,3,21.82
4527,40,2,108.65
4528,21,2,157.64
4528,35,1,35.26
4528,28,2,24.92
4529,31,1,93.94
4530,41,1,177.99
4531,9,3,172.61
4531,1,3,168.15
4532,34,3,112.51
4532,50,3,173.02
4532,46,3,61.44
4532,26,3,91.84
4533,6,1,100.89
4533,34,2,117.29
4534,2,2,180.65
4535,40,3,174.99
4535,48,3,32.35
4535,33,3,90.51
4535,48,2,56.07
4536,40,2,156.99
4536,15,1,140.14
4536,32,1,51.07
4536,29,2,74.92
4537,11,1,140.19
4537,19,1,88.36
4537,33,2,174.84
4537,5,3,58.03
4538,39,2,105.25
4538,48,1,124.51
4538,42,1,56.59
4538,35,3,126.97
4539,17,1,54.07
4539,23,3,122.61
4539,30,3,74.73
4540,10,2,65.81
4540,23,2,42.21
4541,14,1,159.29
4541,28,1,89.79
4541,44,2,151.61
4541,25,3,22.28
4542,10,2,83.13
4542,31,2,22.54
4542,20,3,99.09
4543,17,2,169.34
4543,14,3,96.58
4543,33,1,10.11
4544,14,1,79.15
4545,36,1,12.65
4545,39,1,21.96
4546,15,2,176.85
4546,2,1,168.99
4546,39,1,86.1
4546,49,2,94.96
4547,37,3,69.79
4547,32,3,43.22
4547,24,2,105.08
4548,29,1,12.64
4549,23,2,180.99
4550,40,2,193.22
4550,42,2,88.06
4551,20,2,26.99
4551,13,2,39.04
4551,39,1,98.97
4552,40,3,37.29
4552,12,2,132.84
4553,20,3,100.89
4553,8,2,105.44
4553,15,2,14.84
4553,15,3,54.77
4554,13,1,128.42
4554,35,2,88.92
4555,36,2,117.6
4555,1,2,76.41
4556,44,1,105.64
4556,40,2,118.75
4557,48,2,153.05
4557,21,3,62.45
4557,36,1,108.15
4557,3,3,185.06
4558,11,2,192.72
4558,22,3,181.74
4559,37,3,141.95
4559,31,1,169.83
4560,32,1,121.8
4561,41,3,46.82
4562,34,2,14.13
4562,18,3,32.16
4562,27,2,23.52
4563,17,3,61.69
4564,1,2,151.01
4564,16,3,126.5
4564,12,3,180.3
4565,21,1,138.59
4566,43,2,95.56
4566,13,1,188.98
4567,8,3,153.52
4568,42,2,134.66
4568,25,3,75.77
4568,12,1,170.05
4569,36,3,115.66
4569,46,3,172.85
4570,23,3,67.17
4571,20,2,107.5
4571,7,3,73.82
4571,22,2,70.56
4572,1,1,190.27
4572,29,2,52.71
4572,42,2,74.31
4572,28,3,19.46
4573,27,2,30.62
4573,45,1,61.14
4573,45,3,102.95
4574,1,1,153.85
4574,27,1,150.87
4574,28,3,53.79
4575,29,1,79.97
4576,29,1,35.8
4577,4,2,107.63
4577,44,2,152.03
4578,23,2,158.37
4578,47,2,31.1
4578,2,1,140.16
4579,7,3,19.09
4579,36,1,104.59
4579,43,3,191.6
4579,3,2,108.37
4580,27,1,191.99
4580,49,1,65.82
4580,42,1,13.89
4581,20,2,52.12
4581,23,1,138.51
4581,35,3,88.17
4582,30,3,118.55
4582,31,1,192.0
4582,24,1,135.56
4583,27,1,67.98
4583,47,2,28.53
4583,42,1,21.7
4584,9,1,100.3
4584,42,1,93.22
4585,29,1,100.98
4586,39,3,64.18
4586,15,1,93.53
4586,43,1,112.38
4586,6,2,66.48
4587,41,1,58.58
4587,45,2,191.57
4587,19,1,17.64
4587,37,1,134.71
4588,30,3,112.03
4589,46,2,142.2
4590,41,1,41.75
4590,33,3,131.12
4590,49,1,156.42
4591,11,3,94.24
4591,10,3,118.63
4591,39,3,162.27
4592,16,1,32.66
4592,19,3,175.38
4592,12,3,37.61
4592,4,1,141.52
4593,26,2,53.29
4593,19,1,155.92
4593,11,1,110.09
4593,40,3,199.49
4594,15,1,197.48
4594,12,1,119.97
4595,8,3,115.41
4595,11,3,36.34
4595,17,1,184.52
4596,49,2,98.95
4596,44,3,164.52
4596,32,2,119.13
4597,37,1,191.43
4597,18,2,186.28
4597,41,2,95.44
4598,37,2,93.19
4598,2,1,146.65
4598,40,1,77.79
4599,14,3,90.2
4600,7,2,133.68
4601,3,1,195.15
4601,3,2,95.34
4602,7,2,88.72
4603,36,1,79.93
4603,9,1,13.78
4603,45,1,82.02
4603,23,2,115.74
4604,28,2,194.45
4604,18,1,46.8
4604,31,2,81.5
4604,48,2,82.44
4605,2,1,133.3
4605,47,1,169.83
4605,17,1,95.65
4605,28,2,186.05
4606,16,3,189.53
4606,13,2,30.6
4607,13,3,157.53
4607,17,2,11.54
4608,16,2,185.38
4608,5,3,117.82
4609,12,2,102.44
4609,17,1,78.73
4609,50,1,69.75
4610,33,3,18.47
4610,41,2,159.59
4610,6,1,190.85
4611,30,1,147.99
4611,44,2,43.31
4611,40,3,124.07
4611,19,1,15.9
4612,3,2,99.97
4612,28,1,115.4
4612,44,1,106.1
4612,18,2,175.71
4613,9,1,62.45
4613,26,1,97.67
4613,29,2,34.15
4614,44,2,111.43
4615,19,2,163.95
4616,35,1,59.86
4616,25,3,95.62
4617,34,1,23.68
4617,14,3,140.87
4618,17,1,116.94
4618,11,3,193.1
4618,36,3,19.19
4618,33,2,43.42
4619,2,1,129.77
4619,7,1,130.33
4620,30,3,73.37
4620,4,1,65.34
4620,38,1,101.74
4621,46,3,186.84
4621,32,2,123.14
4622,1,1,162.71
4622,44,1,110.31
4623,6,1,90.1
4624,4,3,183.81
4624,11,2,186.78
4624,28,2,175.25
4624,40,2,17.65
4625,7,2,199.46
4626,21,1,64.97
4626,23,2,103.6
4626,26,1,158.74
4626,31,3,137.18
4627,15,2,121.21
4627,30,1,137.94
4628,50,1,174.82
4628,19,3,135.32
4628,9,1,110.92
4628,29,2,73.78
4629,34,2,78.36
4630,16,3,11.06
4630,14,3,102.95
4630,40,1,74.7
4631,14,3,33.9
4632,5,1,39.43
4632,32,1,56.58
4632,21,1,152.5
4632,9,1,76.1
4633,10,3,192.48
4633,48,1,103.44
4633,32,1,56.58
4634,42,2,32.98
4635,25,1,187.2
4635,21,1,84.02
4635,21,1,63.82
4636,14,3,167.73
4636,32,2,192.72
4636,31,1,175.54
4637,31,2,99.16
4637,47,3,65.29
4637,19,2,159.28
4637,15,2,62.32
4638,30,2,79.22
4638,4,2,162.14
4638,26,3,152.13
4638,5,3,77.32
4639,16,2,199.73
4639,21,1,166.28
4639,26,3,80.59
4639,28,1,10.64
4640,44,3,187.58
4640,39,1,163.61
4641,38,2,48.51
4641,15,3,108.21
4641,47,3,132.15
4641,5,3,186.69
4642,40,3,83.92
4643,47,2,67.82
4643,4,1,90.84
4643,45,1,52.98
4643,9,2,29.19
4644,25,2,164.49
4645,42,1,147.38
4645,28,1,178.78
4646,37,1,55.84
4647,45,3,89.08
4648,48,1,127.68
4648,5,2,33.17
4648,16,2,14.32
4649,35,2,25.41
4649,21,1,21.5
4649,29,2,120.07
4650,43,1,165.02
4650,22,3,133.16
4650,47,2,95.13
4651,48,3,74.56
4651,21,3,148.4
4652,19,1,139.21
4653,22,1,33.25
4653,42,2,36.19
4653,28,3,121.92
4653,22,3,167.89
4654,50,3,16.37
4655,8,2,151.52
4655,39,1,182.45
4655,37,2,127.96
4656,2,3,60.92
4656,14,2,99.49
4657,19,1,177.01
4657,9,2,70.5
4657,17,3,177.12
4658,1,2,172.18
4659,33,3,186.84
4659,12,1,172.47
4660,34,2,48.67
4660,14,2,176.03
4660,14,1,22.82
4660,25,3,160.03
4661,38,3,101.85
4661,24,1,31.08
4661,20,1,27.23
4661,36,3,81.42
4662,40,1,78.3
4662,33,3,163.66
4662,15,1,53.59
4662,21,3,16.25
4663,15,2,146.84
4663,36,3,145.9
4663,24,2,186.99
4664,7,2,63.99
4664,25,2,162.12
4664,32,2,142.62
4664,9,1,127.48
4665,16,1,155.23
4665,38,1,35.48
4666,33,2,175.51
4666,20,1,13.12
4666,20,3,20.98
4666,15,2,185.52
4667,29,3,167.94
4667,32,2,18.78
4667,5,2,83.7
4667,29,3,123.07
4668,6,1,35.35
4669,25,3,146.67
4669,32,1,88.27
4670,30,1,121.08
4670,38,2,70.55
4670,26,3,193.29
4670,17,3,32.91
4671,46,3,42.03
4672,9,1,132.8
4672,7,2,190.55
4672,38,3,128.02
4672,13,3,73.54
4673,43,2,171.33
4673,19,1,101.84
4673,13,1,168.97
4674,24,3,185.63
4674,39,2,83.52
4674,10,1,111.56
4675,46,3,79.68
4675,11,1,126.51
4675,38,2,60.4
4675,10,2,161.43
4676,17,1,145.7
4676,3,3,121.5
4677,46,3,110.08
4677,23,1,51.79
4677,49,2,31.82
4678,13,3,151.89
4679,26,3,55.49
4679,39,3,198.39
4679,10,3,70.0
4680,31,1,179.77
4680,44,1,16.16
4680,15,1,40.56
4680,6,3,92.67
4681,4,1,151.75
4681,23,1,103.48
4682,18,3,97.69
4683,43,2,14.89
4684,22,2,21.95
4685,31,2,105.21
4686,39,2,153.38
4686,13,3,23.8
4686,47,2,28.55
4687,12,3,40.8
4687,21,1,64.5
4687,39,3,178.81
4688,48,1,195.53
4689,30,3,85.72
4689,23,2,197.33
4689,4,1,133.42
4690,41,2,64.94
4690,33,3,45.53
4691,24,1,174.48
4691,47,2,53.1
4692,41,2,183.64
4692,28,1,110.88
4692,2,3,144.1
4693,32,3,87.36
4693,2,3,195.86
4693,31,3,134.0
4694,25,3,190.06
4695,5,1,120.91
4695,31,2,129.84
4695,39,2,178.48
4696,2,1,192.65
4697,33,3,69.44
4697,32,1,133.68
4697,20,1,140.91
4697,25,1,188.75
4698,19,2,73.59
4699,10,3,142.75
4700,18,3,10.04
4700,12,2,29.17
4701,39,3,110.78
4701,10,3,113.46
4701,4,2,92.45
4701,29,3,101.3
4702,3,2,58.71
4702,36,3,122.25
4702,15,3,170.03
4702,19,2,184.9
4703,7,3,62.86
4704,25,2,133.93
4704,34,3,127.1
4704,50,3,69.11
4705,13,2,124.2
4706,22,1,182.85
4707,41,1,138.04
4708,45,2,85.97
4708,30,3,195.85
4709,29,1,189.75
4709,21,3,146.18
4709,33,2,123.46
4709,16,3,118.09
4710,7,1,101.06
4710,3,3,76.19
4710,36,3,167.03
4710,29,2,175.34
4711,28,3,37.85
4711,18,1,134.24
4711,38,3,139.05
4712,15,3,33.6
4712,35,3,62.09
4712,36,3,135.92
4712,20,3,82.41
4713,17,1,121.57
4713,29,3,92.89
4714,41,3,51.93
4715,1,2,24.28
4716,15,3,161.53
4716,30,1,154.82
4716,34,2,80.54
4716,2,2,174.41
4717,4,3,80.27
4717,7,3,186.62
4717,27,3,132.64
4717,29,2,60.24
4718,9,2,103.56
4718,2,2,111.41
4718,4,1,65.62
4719,14,1,197.03
4719,15,3,163.59
4720,24,2,91.96
4720,28,2,19.56
4720,1,3,35.35
4721,4,2,163.92
4721,12,2,110.98
4722,32,3,189.8
4723,29,3,40.0
4724,40,1,120.16
4724,30,1,30.15
4724,42,3,96.43
4725,45,2,146.28
4726,34,3,72.73
4727,19,1,60.39
4727,3,2,100.13
4728,32,2,170.76
4728,19,3,152.47
4729,3,3,136.73
4729,44,2,152.93
4729,6,3,79.72
4730,42,3,90.66
4730,15,3,170.28
4730,47,2,145.69
4730,43,1,14.71
4731,2,2,32.44
4731,11,2,75.69
4732,41,2,196.74
4732,11,1,88.38
4732,41,2,118.1
4732,6,1,10.25
4733,9,2,26.77
4733,16,2,89.63
4734,42,2,12.69
4734,37,2,140.18
4734,6,1,132.13
4735,16,2,62.61
4735,45,3,167.24
4735,39,1,169.52
4735,18,2,77.78
4736,17,1,35.46
4736,18,1,155.17
4736,46,3,89.38
4737,21,1,168.09
4737,5,3,122.47
4737,37,2,46.79
4738,14,2,57.84
4739,18,1,21.35
4739,29,2,175.28
4739,17,2,145.87
4740,48,2,13.2
4740,20,1,79.71
4740,24,2,195.9
4741,2,3,145.91
4741,21,1,179.79
4741,14,2,82.06
4741,22,2,35.56
4742,47,1,139.13
4742,9,1,13.22
4743,9,1,147.68
4744,42,2,98.02
4744,33,1,168.25
4744,24,1,59.26
4745,44,3,60.39
4745,23,3,186.6
4745,11,2,186.33
4746,34,1,21.06
4746,36,1,83.2
4746,19,1,56.01
4746,16,2,149.49
4747,30,3,92.09
4748,46,3,15.14
4749,12,3,31.39
4750,12,3,122.92
4750,23,2,80.92
4751,31,3,101.26
4751,21,3,23.6
4751,40,1,101.81
4751,6,1,143.73
4752,36,1,53.13
4752,47,3,88.53
4752,11,2,174.39
4753,17,1,192.5
4753,6,1,45.74
4753,31,3,46.75
4753,35,2,54.57
4754,37,2,147.82
4754,46,2,45.96
4755,38,3,21.96
4755,8,3,134.02
4755,35,1,137.12
4755,36,3,143.27
4756,28,1,105.04
4756,40,1,164.95
4757,19,1,121.21
4757,1,3,33.1
4758,25,2,159.83
4758,10,1,19.85
4759,34,3,30.03
4760,30,3,103.23
4760,18,1,72.3
4760,39,2,179.43
4761,43,2,97.98
4761,33,1,101.51
4762,36,3,59.45
4762,42,2,62.1
4762,20,3,179.47
4762,43,1,79.19
4763,45,1,180.16
4763,2,1,123.81
4763,14,3,123.25
4764,46,1,106.5
4764,15,1,50.32
4764,36,3,16.42
4765,6,3,127.51
4765,31,2,123.08
4765,18,2,172.48
4766,22,2,134.51
4766,34,2,184.63
4766,48,1,68.95
4767,16,2,189.82
4767,46,2,171.07
4767,22,1,33.8
4767,30,3,38.82
4768,42,2,179.65
4768,18,3,133.35
4768,41,1,148.66
4768,48,2,173.11
4769,17,3,109.27
4769,32,3,161.03
4769,2,1,80.96
4770,36,2,74.33
4770,11,1,87.08
4770,22,1,46.61
4770,11,2,132.93
4771,29,3,156.55
4771,36,3,40.15
4771,19,2,151.25
4772,21,1,101.71
4772,49,1,193.12
4773,35,2,68.96
4773,35,2,142.33
4774,25,1,115.12
4774,7,3,158.64
4774,1,1,107.96
4775,35,3,172.48
4775,29,2,76.16
4775,30,2,96.16
4775,34,3,55.81
4776,37,2,136.12
4777,10,2,62.19
4777,8,2,101.21
4777,5,2,133.82
4777,38,3,13.37
4778,45,3,82.26
4778,49,2,54.9
4778,47,2,97.07
4778,39,1,62.92
4779,33,3,15.8
4779,24,3,199.85
4779,46,3,88.39
4780,26,2,106.89
4781,23,1,71.53
4782,9,2,52.09
4782,7,1,55.44
4783,44,1,194.78
4783,40,1,117.41
4784,2,2,51.51
4784,18,2,180.05
4785,3,2,69.54
4786,22,3,23.94
4787,35,2,12.13
4788,30,1,166.06
4788,9,3,134.71
4788,8,1,81.71
4789,19,2,32.74
4789,39,2,15.36
4789,9,3,159.28
4789,4,1,81.52
4790,35,3,157.56
4791,33,1,31.65
4792,5,1,188.9
4792,47,2,180.98
4793,2,1,128.96
4793,22,2,102.54
4793,16,3,59.11
4794,26,1,83.64
4794,45,1,175.36
4795,41,2,192.09
4795,7,2,105.01
4796,3,2,157.01
4796,23,1,35.13
4797,39,3,98.52
4797,21,3,10.78
4797,14,3,14.09
4798,11,1,158.01
4799,49,1,151.76
4799,23,3,21.88
4800,5,2,58.3
4800,21,3,152.79
4800,24,3,107.45
4801,46,1,155.89
4801,6,3,73.61
4802,25,3,175.61
4802,13,1,172.43
4803,30,1,77.94
4803,45,1,121.63
4803,3,1,104.31
4803,42,1,63.66
4804,33,1,157.61
4804,38,2,67.98
4804,40,2,128.25
4805,33,1,95.95
4805,20,3,153.27
4806,31,2,137.36
4806,37,3,82.72
4806,21,1,77.69
4806,13,3,74.53
4807,34,2,96.59
4807,11,2,112.82
4808,15,3,159.62
4808,45,2,41.0
4809,10,1,174.18
4810,40,1,31.2
4810,12,2,156.86
4810,18,2,39.38
4810,42,1,59.61
4811,35,3,82.32
4811,10,1,170.16
4811,3,2,122.98
4812,49,3,33.55
4813,9,3,96.67
4813,41,2,147.39
4813,17,3,52.34
4814,17,1,131.33
4815,18,1,53.64
4815,47,3,194.29
4815,34,3,93.25
4815,39,3,160.19
4816,12,3,149.67
4816,39,3,140.75
4816,3,1,90.2
4816,1,1,99.96
4817,2,3,91.17
4817,19,2,159.67
4818,11,3,166.36
4818,49,3,139.77
4818,50,1,179.44
4818,2,1,193.39
4819,11,1,77.17
4820,18,1,86.11
4820,41,3,83.79
4820,3,3,143.91
4821,43,2,51.69
4822,29,3,144.02
4822,43,2,17.9
4822,19,3,102.67
4823,12,1,134.46
4823,21,2,154.83
4823,35,3,187.7
4823,42,1,194.29
4824,8,2,52.28
4824,47,2,12.13
4825,7,3,188.15
4825,48,3,150.64
4826,40,3,143.01
4826,9,2,185.04
4826,49,1,70.1
4826,5,1,66.69
4827,18,3,22.27
4827,16,1,190.78
4828,41,1,154.35
4828,45,2,165.39
4828,7,3,19.65
4829,33,2,177.1
4829,29,3,193.23
4830,31,2,139.82
4831,46,2,138.3
4831,1,3,35.27
4831,48,2,68.57
4831,30,3,94.03
4832,29,1,124.25
4833,41,3,66.25
4834,18,1,19.28
4834,43,3,183.85
4834,21,1,178.43
4835,23,1,164.94
4835,22,2,58.61
4836,18,1,80.53
4837,11,1,45.5
4837,9,2,120.72
4838,10,3,163.44
4838,2,2,154.64
4839,36,3,158.38
4839,37,2,71.28
4839,19,2,34.06
4840,1,3,28.91
4840,3,2,57.53
4840,49,2,38.38
4841,32,1,131.98
4842,25,1,55.25
4843,15,1,107.35
4844,49,3,128.71
4845,25,2,61.91
4845,32,3,174.76
4846,15,3,97.68
4847,18,1,69.23
4847,40,1,25.74
4847,7,3,199.26
4848,8,2,143.65
4849,16,1,108.81
4849,40,3,180.36
4849,40,1,168.57
4850,18,2,111.46
4851,9,2,59.88
4851,21,2,162.5
4852,43,1,48.93
4853,35,1,170.31
4853,26,1,170.05
4853,50,1,112.85
4853,15,2,169.98
4854,22,1,34.15
4854,32,3,52.09
4854,23,2,183.1
4854,50,1,170.29
4855,45,1,90.44
4855,6,3,149.64
4856,23,3,117.81
4857,19,3,111.32
4857,25,1,189.67
4857,7,3,100.61
4857,50,3,48.04
4858,7,2,17.76
4858,38,2,158.99
4858,9,3,128.36
4858,13,3,26.24
4859,19,2,95.84
4859,47,3,190.27
4859,38,2,135.69
4860,31,1,69.87
4860,29,3,124.96
4860,21,1,177.92
4860,34,2,11.52
4861,9,2,14.5
4861,4,1,163.95
4862,37,2,115.42
4862,19,1,197.17
4862,24,1,123.11
4862,14,1,122.47
4863,47,3,198.46
4863,24,3,147.61
4864,34,3,182.49
4864,22,1,29.81
4865,18,3,70.03
4865,10,2,163.38
4865,20,2,94.54
4866,42,3,139.13
4866,37,2,46.21
4866,13,1,29.86
4867,38,3,150.81
4867,20,3,11.72
4868,1,3,123.8
4868,27,1,48.63
4869,50,3,133.31
4870,6,2,77.14
4870,9,3,117.1
4870,16,1,79.97
4870,17,3,105.8
4871,26,3,64.21
4871,43,3,26.44
4871,15,1,169.22
4872,41,2,108.89
4873,30,3,128.32
4874,4,3,42.0
4874,37,3,154.72
4874,16,2,156.35
4874,1,3,156.34
4875,6,3,74.02
4875,38,1,181.03
4876,44,1,138.62
4876,13,2,58.3
4876,22,2,122.38
4877,20,2,86.57
4877,40,2,32.62
4877,50,1,43.57
4877,42,2,41.56
4878,44,3,86.78
4879,43,2,37.92
4879,41,2,149.37
4879,42,2,128.2
4880,46,3,189.73
4881,35,2,23.66
4881,22,1,133.69
4882,42,2,57.19
4883,35,1,14.9
4884,45,2,98.55
4884,38,2,82.51
4884,19,3,174.44
4885,20,1,141.04
4886,37,2,84.94
4886,22,3,93.06
4887,48,1,176.8
4888,48,1,134.47
4889,50,1,27.37
4889,50,2,192.32
4890,43,2,20.83
4891,5,2,54.8
4892,48,1,147.75
4893,46,2,189.83
4894,46,2,140.06
4894,3,1,163.75
4894,39,3,198.24
4894,7,3,163.59
4895,1,2,97.83
4896,49,2,96.3
4896,28,2,89.55
4896,49,2,36.38
4897,23,3,149.07
4897,40,3,121.59
4898,19,3,85.23
4899,37,3,73.51
4899,22,2,49.8
4899,47,3,179.8
4900,2,3,132.29
4900,7,2,39.4
4900,27,1,61.29
4900,30,3,30.3
4901,30,1,27.39
4901,38,1,177.6
4902,19,2,41.77
4903,23,3,87.93
4903,8,3,54.12
4903,33,1,118.39
4904,27,2,188.91
4904,44,2,101.0
4904,48,3,96.73
4905,1,3,49.75
4905,34,1,21.96
4905,39,3,23.59
4906,26,2,17.21
4906,47,1,42.53
4906,2,3,119.34
4907,38,2,38.22
4907,48,3,151.44
4907,10,3,171.02
4908,15,3,48.23
4908,32,3,122.95
4908,14,2,21.46
4909,27,3,44.84
4909,16,1,153.99
4910,36,1,77.61
4911,23,1,92.61
4912,17,3,12.46
4913,23,1,92.0
4913,14,1,89.89
4913,38,2,108.93
4913,16,2,157.26
4914,37,3,50.51
4914,26,2,184.44
4914,43,1,27.1
4915,34,3,76.61
4915,44,2,25.21
4915,9,2,35.53
4916,39,1,71.89
4916,26,3,97.44
4916,32,1,86.33
4917,23,1,66.13
4917,24,3,132.83
4917,35,3,186.49
4917,7,1,106.64
4918,32,2,55.47
4919,38,2,35.67
4919,31,2,131.77
4920,14,1,101.75
4920,3,2,29.38
4920,11,1,164.08
4921,28,3,116.45
4921,33,2,189.97
4922,2,3,185.14
4922,42,1,167.12
4923,28,3,63.18
4923,23,2,88.0
4924,10,3,74.12
4924,9,2,124.21
4925,50,2,34.07
4925,41,1,13.77
4925,39,3,175.93
4926,37,3,15.34
4926,14,1,79.66
4926,10,2,180.0
4926,2,3,187.24
4927,33,2,35.2
4927,34,2,113.31
4927,3,2,158.83
4927,11,2,69.48
4928,25,3,131.95
4929,44,2,57.71
4929,1,3,83.33
4930,13,3,159.67
4930,19,3,195.16
4930,14,1,196.5
4931,45,1,71.81
4931,23,1,34.86
4931,40,3,147.67
4932,1,1,120.07
4932,4,1,73.12
4932,1,2,13.64
4932,40,2,68.22
4933,47,3,16.4
4933,30,3,57.63
4933,28,1,54.89
4934,14,1,179.77
4934,21,2,49.83
4934,42,3,105.03
4935,9,3,171.41
4935,42,1,184.1
4936,24,1,167.44
4936,17,1,79.44
4936,15,2,156.92
4937,42,2,120.19
4938,4,2,120.97
4939,34,1,21.37
4939,18,3,141.29
4939,25,2,113.58
4940,41,2,76.83
4940,37,3,189.73
4941,6,1,96.63
4942,49,2,80.87
4942,34,1,190.95
4942,16,3,117.88
4943,13,2,150.83
4943,43,3,71.22
4944,48,3,180.38
4944,4,1,15.42
4945,46,1,158.71
4946,18,3,58.13
4946,4,3,102.46
4946,21,2,62.56
4946,35,2,37.35
4947,45,2,92.92
4947,32,2,146.63
4947,19,2,17.34
4947,12,3,181.88
4948,19,1,48.98
4948,31,1,189.64
4949,41,1,123.18
4949,7,2,16.55
4949,25,3,65.55
4949,24,2,155.74
4950,37,1,122.01
4950,39,3,67.28
4950,37,1,67.94
4951,1,1,62.31
4951,37,3,45.64
4951,33,2,10.72
4951,27,1,51.4
4952,21,1,134.34
4952,39,2,41.51
4952,23,3,151.18
4953,3,2,21.98
4953,35,3,88.93
4953,48,2,139.84
4953,39,2,67.11
4954,1,2,28.05
4954,49,1,132.88
4954,27,3,191.49
4955,21,1,100.38
4955,36,3,61.37
4956,34,2,130.48
4956,50,1,32.85
4956,10,2,196.54
4957,27,1,13.28
4957,4,3,179.29
4957,9,1,86.4
4957,30,3,99.74
4958,46,2,94.61
4958,6,2,33.31
4958,32,2,169.93
4959,12,2,170.03
4960,34,2,177.74
4960,41,1,140.59
4960,5,3,81.15
4960,43,1,186.44
4961,36,3,130.51
4961,27,2,76.08
4962,41,2,40.8
4962,36,2,157.8
4962,42,3,189.95
4963,47,1,189.18
4963,41,1,115.82
4964,7,3,24.25
4964,13,2,118.39
4964,11,3,127.83
4964,45,2,25.4
4965,38,3,41.63
4966,27,2,112.63
4966,25,2,136.79
4967,50,2,17.16
4967,47,1,46.62
4967,5,1,53.39
4967,1,3,20.39
4968,9,2,11.2
4969,29,3,175.53
4970,17,3,82.08
4971,36,3,197.75
4971,5,2,73.4
4971,47,3,39.76
4972,45,2,91.08
4972,22,1,102.73
4972,49,3,43.9
4972,10,3,160.44
4973,48,1,107.5
4973,5,2,134.53
4973,37,2,191.27
4973,22,1,64.91
4974,11,2,101.05
4974,13,1,74.14
4975,39,2,62.97
4975,43,3,95.25
4975,50,3,159.32
4976,20,3,50.76
4976,10,2,68.35
4977,49,1,152.99
4978,6,2,145.37
4979,14,1,187.66
4980,10,3,55.67
4980,23,1,167.41
4980,26,2,64.55
4981,27,3,104.47
4981,35,1,18.08
4982,47,2,189.96
4982,18,2,30.18
4982,25,1,52.35
4982,48,1,172.74
4983,19,3,94.52
4983,35,2,12.51
4983,10,2,165.02
4983,21,1,174.27
4984,3,2,78.04
4984,20,2,199.05
4984,47,1,106.67
4984,18,2,120.09
4985,43,2,142.18
4985,2,2,63.08
4985,20,2,60.31
4986,27,3,23.31
4986,48,1,122.37
4986,46,3,149.17
4986,36,3,150.19
4987,12,2,83.3
4987,44,2,139.1
4988,33,1,110.53
4988,6,3,62.95
4989,44,3,64.8
4990,39,2,44.43
4990,23,2,26.43
4990,16,2,93.43
4990,23,1,128.39
4991,48,1,87.49
4992,23,1,168.74
4992,33,3,133.11
4992,40,2,81.99
4993,16,1,28.51
4994,20,1,160.72
4994,40,2,145.78
4994,45,2,15.28
4995,37,1,16.65
4995,3,3,188.69
4995,3,2,87.75
4995,9,2,60.4
4996,12,2,91.99
4996,31,2,149.45
4996,21,1,46.26
4996,5,1,184.4
4997,38,1,53.94
4997,42,3,84.26
4997,32,3,117.62
4997,33,3,161.93
4998,28,2,106.9
4999,26,2,59.08
4999,10,3,62.37
4999,14,2,64.54
4999,13,2,136.65
5000,43,3,41.62
5000,4,2,158.97
5000,38,3,60.0
